{"stats":{"minecraft:used":{"minecraft:stone_sword":26,"minecraft:stone_pickaxe":73,"minecraft:tropical_fish":5,"minecraft:wooden_pickaxe":7,"ecologics:coconut_planks":3,"minecraft:rotten_flesh":1,"minecraft:torch":2,"minecraft:stone_axe":2,"minecraft:iron_chestplate":1,"minecraft:glow_berries":4,"minecraft:crafting_table":2,"minecraft:furnace":1,"minecraft:birch_log":1,"minecraft:andesite":7,"minecraft:iron_leggings":1},"minecraft:picked_up":{"minecraft:birch_log":5,"minecraft:crafting_table":1,"minecraft:raw_iron":16,"minecraft:andesite":8,"minecraft:torch":1,"supplementaries:flax_seeds":2,"minecraft:bone":2,"minecraft:rotten_flesh":1,"minecraft:tropical_fish":8,"ecologics:coconut_log":4,"minecraft:bone_meal":2,"supplementaries:ash":4,"minecraft:glow_berries":5,"minecraft:coal":28,"minecraft:cobblestone":23,"minecraft:furnace":1},"minecraft:killed_by":{"ecologics:coconut_crab":1},"minecraft:custom":{"minecraft:time_since_rest":16108,"minecraft:interact_with_furnace":19,"minecraft:sprint_one_cm":55159,"minecraft:damage_taken":447,"minecraft:walk_one_cm":43467,"minecraft:mob_kills":8,"minecraft:damage_dealt":1041,"minecraft:swim_one_cm":16224,"minecraft:interact_with_crafting_table":8,"minecraft:fly_one_cm":53216,"minecraft:crouch_one_cm":1858,"minecraft:play_time":39790,"minecraft:deaths":1,"minecraft:sneak_time":765,"minecraft:walk_under_water_one_cm":664,"minecraft:jump":249,"minecraft:leave_game":2,"minecraft:time_since_death":16080,"minecraft:walk_on_water_one_cm":3853,"minecraft:total_world_time":39790,"minecraft:climb_one_cm":246,"minecraft:fall_one_cm":10470},"minecraft:killed":{"minecraft:zombie":1,"minecraft:tropical_fish":5},"minecraft:crafted":{"minecraft:iron_chestplate":1,"minecraft:crafting_table":1,"ecologics:coconut_planks":16,"minecraft:stick":12,"minecraft:wooden_pickaxe":1,"minecraft:iron_ingot":25,"minecraft:iron_pickaxe":1,"minecraft:stone_pickaxe":1,"minecraft:stone_sword":1,"minecraft:iron_leggings":1,"paladins:iron_claymore":1,"minecraft:furnace":1,"minecraft:torch":4,"minecraft:birch_planks":16,"minecraft:stone_axe":1,"minecraft:air":0},"minecraft:mined":{"supplementaries:urn":2,"minecraft:furnace":1,"minecraft:birch_log":5,"minecraft:iron_ore":16,"minecraft:andesite":8,"minecraft:crafting_table":2,"minecraft:glow_lichen":1,"minecraft:coal_ore":28,"minecraft:vine":1,"minecraft:gravel":1,"minecraft:copper_ore":1,"ecologics:coconut_log":4,"minecraft:stone":25,"minecraft:wall_torch":1}},"DataVersion":3465}