{"stats":{"minecraft:killed":{"minecraft:spider":4,"minecraft:skeleton":6,"minecraft:chicken":3,"minecraft:axolotl":1,"minecraft:tropical_fish":5,"minecraft:pig":2,"minecraft:zombie_villager":1,"minecraft:zombie":17,"minecraft:player":3,"minecraft:cow":6},"minecraft:mined":{"minecraft:deepslate_tiles":4,"minecraft:tuff":34,"minecraft:candle":1,"minecraft:deepslate_diamond_ore":6,"minecraft:glow_lichen":1,"minecraft:acacia_log":9,"minecraft:grass_block":385,"minecraft:decorated_pot":1,"minecraft:deepslate_bricks":12,"farmersdelight:tomatoes":12,"ecologics:coconut_log":4,"minecraft:cartography_table":1,"minecraft:nether_wart":10,"minecraft:hay_block":58,"minecraft:furnace":3,"minecraft:iron_ore":26,"minecraft:andesite":86,"minecraft:moss_carpet":1,"minecraft:big_dripleaf_stem":1,"minecraft:deepslate_iron_ore":3,"minecraft:bookshelf":16,"minecraft:cave_vines":1,"minecraft:vine":1,"minecraft:white_tulip":32,"minecraft:stone":185,"minecraft:green_bed":2,"minecraft:soul_sand":10,"minecraft:red_bed":2,"farmersdelight:organic_compost":2,"minecraft:smoker":1,"minecraft:cornflower":2,"minecraft:dandelion":20,"minecraft:clay":5,"minecraft:crafting_table":8,"minecraft:torch":12,"minecraft:chest":1,"minecraft:rose_bush":1,"farmersdelight:cabbages":10,"minecraft:cobblestone":90,"minecraft:tall_grass":8,"minecraft:copper_ore":5,"minecraft:deepslate_gold_ore":10,"minecraft:sugar_cane":10,"minecraft:wall_torch":11,"supplementaries:urn":6,"minecraft:coarse_dirt":5,"jewelry:deepslate_gem_vein":6,"paladins:monk_workbench":1,"spell_engine:spell_binding":1,"minecraft:birch_log":14,"minecraft:grass":37,"minecraft:oak_log":22,"minecraft:coal_ore":29,"minecraft:gravel":7,"minecraft:flower_pot":1,"minecraft:dirt":7,"villagersplus:alchemist_table":2,"villagersplus:occultist_table":2,"minecraft:deepslate":234,"villagersplus:oceanographer_table":2},"minecraft:broken":{"minecraft:iron_shovel":1,"minecraft:stone_pickaxe":1,"minecraft:iron_pickaxe":1},"minecraft:used":{"minecraft:rose_bush":1,"minecraft:stone_sword":26,"minecraft:iron_shovel":391,"minecraft:tropical_fish":9,"minecraft:decorated_pot":1,"minecraft:chest":7,"ecologics:coconut_planks":3,"minecraft:rotten_flesh":1,"minecraft:iron_chestplate":1,"minecraft:torch":39,"minecraft:dirt":381,"minecraft:acacia_sapling":2,"minecraft:big_dripleaf":1,"minecraft:iron_hoe":1,"paladins:iron_claymore":195,"villagersplus:occultist_table":1,"minecraft:item_frame":1,"minecraft:furnace":5,"culturaldelights:glow_squid":5,"minecraft:iron_leggings":1,"minecraft:water_bucket":30,"minecraft:stone_pickaxe":130,"minecraft:cartography_table":1,"minecraft:wooden_pickaxe":7,"minecraft:stonecutter":1,"villagersplus:alchemist_table":1,"spell_engine:spell_binding":1,"minecraft:green_bed":3,"minecraft:deepslate_bricks":12,"farmersdelight:organic_compost":1,"minecraft:glow_berries":13,"minecraft:crafting_table":9,"minecraft:red_bed":4,"paladins:monk_workbench":1,"minecraft:deepslate_tiles":4,"minecraft:diamond_pickaxe":25,"minecraft:bread":50,"minecraft:iron_pickaxe":257,"minecraft:gravel":1,"minecraft:stone_axe":73,"minecraft:cobblestone":255,"minecraft:andesite":53,"minecraft:bucket":30,"minecraft:birch_log":1,"minecraft:experience_bottle":3},"minecraft:custom":{"minecraft:mob_kills":49,"minecraft:interact_with_crafting_table":36,"minecraft:leave_game":7,"minecraft:time_since_death":152858,"minecraft:climb_one_cm":4497,"minecraft:sprint_one_cm":425357,"minecraft:walk_one_cm":430705,"minecraft:drop":27,"minecraft:talked_to_villager":11,"minecraft:play_time":176568,"minecraft:deaths":1,"minecraft:sneak_time":5356,"minecraft:walk_under_water_one_cm":4553,"minecraft:jump":2763,"minecraft:walk_on_water_one_cm":18960,"minecraft:total_world_time":176568,"minecraft:interact_with_furnace":58,"minecraft:interact_with_cartography_table":1,"minecraft:interact_with_loom":2,"minecraft:interact_with_stonecutter":2,"minecraft:sleep_in_bed":11,"minecraft:time_since_rest":40169,"minecraft:damage_taken":1864,"minecraft:damage_dealt":13405,"minecraft:player_kills":3,"minecraft:swim_one_cm":18211,"minecraft:fly_one_cm":659959,"minecraft:open_chest":138,"minecraft:crouch_one_cm":22530,"minecraft:interact_with_smoker":1,"minecraft:fall_one_cm":62194,"minecraft:horse_one_cm":64784},"minecraft:killed_by":{"ecologics:coconut_crab":1},"minecraft:dropped":{"minecraft:iron_ingot":8,"minecraft:bread":96,"minecraft:birch_planks":14,"minecraft:iron_helmet":1,"minecraft:cornflower":1,"farmersdelight:organic_compost":1,"minecraft:gold_nugget":1,"minecraft:iron_pickaxe":2,"minecraft:paper":1,"minecraft:bone":4,"minecraft:white_tulip":15,"minecraft:bubble_coral":1,"minecraft:stone_sword":2,"minecraft:tall_grass":1,"minecraft:rotten_flesh":2,"minecraft:lily_of_the_valley":3,"minecraft:big_dripleaf":2,"minecraft:andesite":1,"minecraft:fire_coral":1},"minecraft:crafted":{"minecraft:oak_planks":8,"ecologics:coconut_planks":16,"minecraft:furnace":1,"minecraft:stone":3,"minecraft:cooked_mutton":14,"minecraft:diamond_leggings":1,"minecraft:iron_boots":1,"minecraft:polished_deepslate":196,"minecraft:iron_hoe":1,"minecraft:stone_pickaxe":1,"minecraft:chest":6,"paladins:diamond_claymore":1,"minecraft:wheat":486,"minecraft:crafting_table":3,"minecraft:wooden_pickaxe":1,"minecraft:iron_helmet":2,"paladins:iron_claymore":1,"minecraft:birch_planks":48,"minecraft:deepslate_tiles":4,"minecraft:stone_axe":1,"minecraft:bread":166,"minecraft:air":0,"minecraft:iron_chestplate":1,"minecraft:diamond_pickaxe":1,"minecraft:stick":20,"minecraft:iron_ingot":52,"minecraft:iron_pickaxe":3,"minecraft:stone_sword":1,"minecraft:iron_shovel":2,"minecraft:iron_leggings":1,"minecraft:stonecutter":1,"minecraft:acacia_planks":36,"minecraft:deepslate_bricks":196,"minecraft:torch":32},"minecraft:picked_up":{"minecraft:coarse_dirt":4,"minecraft:crafting_table":7,"minecraft:wheat":17,"minecraft:nether_wart":35,"minecraft:chicken":3,"minecraft:clay_ball":20,"jewelry:citrine":1,"minecraft:fire_coral":3,"minecraft:cornflower":33,"minecraft:string":1,"minecraft:red_bed":3,"minecraft:moss_carpet":1,"minecraft:raw_copper":16,"minecraft:item_frame":2,"minecraft:deepslate_tiles":4,"minecraft:candle":4,"minecraft:cartography_table":1,"minecraft:gold_nugget":1,"minecraft:cobbled_deepslate":234,"minecraft:beef":8,"minecraft:white_tulip":153,"minecraft:bubble_coral":2,"minecraft:rose_bush":1,"minecraft:iron_nugget":18,"minecraft:sugar_cane":23,"farmersdelight:cabbage_seeds":10,"minecraft:furnace":3,"minecraft:stick":3,"minecraft:raw_iron":35,"minecraft:big_dripleaf":3,"minecraft:acacia_log":9,"minecraft:torch":24,"minecraft:green_bed":3,"jewelry:jade":2,"minecraft:porkchop":5,"farmersdelight:tomato_seeds":12,"paladins:monk_workbench":1,"minecraft:stone_sword":1,"minecraft:tube_coral":2,"minecraft:rotten_flesh":18,"minecraft:tropical_fish":9,"minecraft:decorated_pot":1,"villagersplus:occultist_table":2,"minecraft:deepslate_bricks":12,"minecraft:hay_block":58,"ecologics:coconut_log":4,"spell_engine:spell_binding":1,"minecraft:saddle":1,"supplementaries:ash":4,"villagersplus:alchemist_table":2,"minecraft:glow_berries":13,"minecraft:cobblestone":284,"minecraft:birch_log":14,"minecraft:feather":3,"minecraft:glow_ink_sac":6,"minecraft:andesite":87,"minecraft:leather":5,"minecraft:potato":1,"minecraft:birch_planks":16,"minecraft:tuff":34,"minecraft:oak_log":22,"supplementaries:flax_seeds":2,"farmersdelight:tomato":5,"minecraft:horn_coral":2,"minecraft:dirt":416,"minecraft:lantern":1,"jewelry:tanzanite":2,"culturaldelights:glow_squid":5,"farmersdelight:organic_compost":3,"minecraft:bone":12,"minecraft:wheat_seeds":145,"minecraft:raw_gold":10,"paladins:acolyte_wand":1,"minecraft:iron_ingot":4,"minecraft:tall_grass":1,"minecraft:soul_sand":10,"minecraft:acacia_sapling":2,"minecraft:oak_planks":4,"minecraft:book":48,"minecraft:tropical_fish_bucket":2,"jewelry:topaz":1,"minecraft:cooked_porkchop":10,"minecraft:dandelion":34,"minecraft:gravel":17,"minecraft:lily_of_the_valley":17,"villagersplus:oceanographer_table":2,"minecraft:spider_eye":1,"minecraft:diamond":14,"minecraft:bone_meal":2,"minecraft:coal":56}},"DataVersion":3465}