{"stats":{"minecraft:crafted":{"minecraft:crafting_table":1,"ecologics:coconut_planks":16,"minecraft:iron_helmet":1,"minecraft:wooden_pickaxe":1,"paladins:iron_claymore":1,"minecraft:furnace":1,"minecraft:birch_planks":16,"minecraft:stone_axe":1,"minecraft:air":0,"minecraft:iron_boots":1,"minecraft:iron_chestplate":1,"minecraft:stick":12,"minecraft:iron_ingot":39,"minecraft:iron_pickaxe":1,"minecraft:stone_pickaxe":1,"minecraft:stone_sword":1,"minecraft:iron_leggings":1,"minecraft:torch":4},"minecraft:custom":{"minecraft:interact_with_furnace":25,"minecraft:mob_kills":9,"minecraft:interact_with_crafting_table":12,"minecraft:leave_game":4,"minecraft:time_since_death":26293,"minecraft:sleep_in_bed":1,"minecraft:climb_one_cm":246,"minecraft:time_since_rest":4055,"minecraft:sprint_one_cm":73387,"minecraft:damage_taken":462,"minecraft:walk_one_cm":62102,"minecraft:drop":1,"minecraft:damage_dealt":1326,"minecraft:swim_one_cm":16224,"minecraft:fly_one_cm":67623,"minecraft:crouch_one_cm":1962,"minecraft:play_time":50003,"minecraft:deaths":1,"minecraft:sneak_time":812,"minecraft:walk_under_water_one_cm":664,"minecraft:jump":401,"minecraft:walk_on_water_one_cm":4532,"minecraft:total_world_time":50003,"minecraft:fall_one_cm":13553},"minecraft:picked_up":{"minecraft:birch_log":5,"minecraft:crafting_table":3,"minecraft:glow_ink_sac":3,"minecraft:andesite":8,"supplementaries:flax_seeds":2,"minecraft:dirt":1,"minecraft:moss_carpet":1,"minecraft:raw_copper":16,"culturaldelights:glow_squid":5,"minecraft:bone":7,"minecraft:iron_nugget":18,"minecraft:furnace":2,"minecraft:raw_iron":26,"minecraft:torch":2,"minecraft:green_bed":2,"minecraft:stone_sword":1,"minecraft:rotten_flesh":1,"minecraft:tropical_fish":9,"ecologics:coconut_log":4,"minecraft:bone_meal":2,"supplementaries:ash":4,"minecraft:glow_berries":10,"minecraft:coal":28,"minecraft:cobblestone":76},"minecraft:killed":{"minecraft:zombie":1,"minecraft:axolotl":1,"minecraft:tropical_fish":5},"minecraft:mined":{"minecraft:glow_lichen":1,"minecraft:crafting_table":4,"minecraft:torch":1,"minecraft:tall_grass":3,"minecraft:copper_ore":5,"ecologics:coconut_log":4,"minecraft:wall_torch":1,"supplementaries:urn":5,"minecraft:furnace":2,"minecraft:birch_log":5,"minecraft:iron_ore":20,"minecraft:andesite":8,"minecraft:moss_carpet":1,"minecraft:coal_ore":28,"minecraft:cave_vines":1,"minecraft:vine":1,"minecraft:gravel":1,"minecraft:dirt":1,"minecraft:stone":69,"minecraft:green_bed":1},"minecraft:killed_by":{"ecologics:coconut_crab":1},"minecraft:used":{"minecraft:stone_sword":26,"minecraft:tropical_fish":8,"minecraft:stone_pickaxe":108,"minecraft:wooden_pickaxe":7,"ecologics:coconut_planks":3,"minecraft:green_bed":1,"minecraft:rotten_flesh":1,"minecraft:iron_chestplate":1,"minecraft:torch":3,"minecraft:glow_berries":7,"minecraft:crafting_table":4,"paladins:iron_claymore":6,"minecraft:stone_axe":4,"minecraft:furnace":1,"minecraft:andesite":7,"minecraft:birch_log":1,"minecraft:iron_leggings":1},"minecraft:dropped":{"minecraft:iron_ingot":8}},"DataVersion":3465}