{"stats":{"minecraft:mined":{"minecraft:smoker":1,"minecraft:clay":5,"minecraft:glow_lichen":1,"minecraft:crafting_table":6,"minecraft:torch":2,"minecraft:grass_block":1,"minecraft:chest":1,"minecraft:tall_grass":3,"minecraft:copper_ore":5,"ecologics:coconut_log":4,"minecraft:wall_torch":5,"supplementaries:urn":5,"minecraft:hay_block":54,"minecraft:furnace":3,"minecraft:birch_log":14,"minecraft:iron_ore":21,"minecraft:andesite":8,"minecraft:moss_carpet":1,"minecraft:big_dripleaf_stem":1,"minecraft:grass":1,"minecraft:oak_log":22,"minecraft:coal_ore":29,"minecraft:cave_vines":1,"minecraft:vine":1,"minecraft:gravel":1,"minecraft:dirt":3,"minecraft:white_tulip":1,"minecraft:stone":168,"minecraft:green_bed":1},"minecraft:killed":{"minecraft:pig":2,"minecraft:spider":1,"minecraft:zombie":3,"minecraft:chicken":3,"minecraft:axolotl":1,"minecraft:tropical_fish":5,"minecraft:cow":6},"minecraft:custom":{"minecraft:interact_with_furnace":35,"minecraft:mob_kills":24,"minecraft:interact_with_crafting_table":16,"minecraft:leave_game":5,"minecraft:time_since_death":51598,"minecraft:sleep_in_bed":1,"minecraft:climb_one_cm":1306,"minecraft:time_since_rest":29360,"minecraft:sprint_one_cm":148353,"minecraft:damage_taken":701,"minecraft:walk_one_cm":127282,"minecraft:drop":7,"minecraft:damage_dealt":4259,"minecraft:swim_one_cm":18211,"minecraft:fly_one_cm":179624,"minecraft:open_chest":2,"minecraft:crouch_one_cm":3666,"minecraft:play_time":75308,"minecraft:deaths":1,"minecraft:sneak_time":1170,"minecraft:walk_under_water_one_cm":4553,"minecraft:jump":962,"minecraft:walk_on_water_one_cm":8003,"minecraft:interact_with_smoker":1,"minecraft:total_world_time":75308,"minecraft:fall_one_cm":23542,"minecraft:horse_one_cm":64784},"minecraft:dropped":{"minecraft:iron_ingot":8,"minecraft:white_tulip":1,"minecraft:tall_grass":1,"minecraft:iron_helmet":1,"minecraft:big_dripleaf":2,"minecraft:gold_nugget":1},"minecraft:picked_up":{"minecraft:birch_log":14,"minecraft:crafting_table":5,"minecraft:feather":3,"minecraft:chicken":3,"minecraft:clay_ball":20,"minecraft:glow_ink_sac":6,"minecraft:andesite":8,"minecraft:leather":5,"minecraft:oak_log":22,"supplementaries:flax_seeds":2,"minecraft:lantern":1,"minecraft:dirt":4,"minecraft:moss_carpet":1,"minecraft:raw_copper":16,"culturaldelights:glow_squid":5,"minecraft:bone":7,"minecraft:wheat_seeds":9,"minecraft:gold_nugget":1,"minecraft:white_tulip":1,"minecraft:beef":8,"minecraft:iron_ingot":4,"minecraft:tall_grass":1,"minecraft:iron_nugget":18,"minecraft:furnace":3,"minecraft:stick":3,"minecraft:raw_iron":27,"minecraft:big_dripleaf":3,"minecraft:torch":7,"minecraft:green_bed":2,"minecraft:porkchop":5,"minecraft:stone_sword":1,"minecraft:rotten_flesh":4,"minecraft:tropical_fish":9,"minecraft:hay_block":54,"ecologics:coconut_log":4,"minecraft:bone_meal":2,"minecraft:saddle":1,"supplementaries:ash":4,"minecraft:glow_berries":13,"minecraft:coal":56,"minecraft:cobblestone":177},"minecraft:broken":{"minecraft:stone_pickaxe":1},"minecraft:crafted":{"minecraft:crafting_table":1,"ecologics:coconut_planks":16,"minecraft:wooden_pickaxe":1,"minecraft:iron_helmet":2,"paladins:iron_claymore":1,"minecraft:furnace":1,"minecraft:birch_planks":16,"minecraft:stone_axe":1,"minecraft:bread":108,"minecraft:air":0,"minecraft:iron_boots":1,"minecraft:iron_chestplate":1,"minecraft:stick":12,"minecraft:iron_ingot":52,"minecraft:iron_pickaxe":1,"minecraft:stone_pickaxe":1,"minecraft:stone_sword":1,"minecraft:iron_leggings":1,"minecraft:torch":4,"minecraft:wheat":324},"minecraft:killed_by":{"ecologics:coconut_crab":1},"minecraft:used":{"minecraft:stone_sword":26,"minecraft:tropical_fish":9,"minecraft:stone_pickaxe":130,"minecraft:wooden_pickaxe":7,"minecraft:green_bed":1,"ecologics:coconut_planks":3,"minecraft:rotten_flesh":1,"minecraft:iron_chestplate":1,"minecraft:torch":9,"minecraft:glow_berries":13,"minecraft:dirt":4,"minecraft:crafting_table":5,"minecraft:big_dripleaf":1,"minecraft:bread":7,"paladins:iron_claymore":51,"minecraft:iron_pickaxe":65,"minecraft:stone_axe":42,"minecraft:cobblestone":14,"minecraft:furnace":1,"culturaldelights:glow_squid":5,"minecraft:birch_log":1,"minecraft:andesite":7,"minecraft:iron_leggings":1}},"DataVersion":3465}