{"stats":{"minecraft:mined":{"minecraft:glow_lichen":1,"minecraft:grass_block":201,"minecraft:decorated_pot":1,"ecologics:coconut_log":4,"minecraft:cartography_table":1,"minecraft:hay_block":54,"minecraft:furnace":3,"minecraft:iron_ore":21,"minecraft:andesite":8,"minecraft:moss_carpet":1,"minecraft:big_dripleaf_stem":1,"minecraft:bookshelf":14,"minecraft:cave_vines":1,"minecraft:vine":1,"minecraft:white_tulip":15,"minecraft:stone":168,"minecraft:green_bed":1,"minecraft:red_bed":2,"farmersdelight:organic_compost":2,"minecraft:smoker":1,"minecraft:clay":5,"minecraft:crafting_table":8,"minecraft:torch":4,"minecraft:chest":1,"minecraft:rose_bush":1,"minecraft:tall_grass":3,"minecraft:copper_ore":5,"minecraft:wall_torch":7,"supplementaries:urn":5,"paladins:monk_workbench":1,"spell_engine:spell_binding":1,"minecraft:birch_log":14,"minecraft:grass":8,"minecraft:oak_log":22,"minecraft:coal_ore":29,"minecraft:gravel":1,"minecraft:flower_pot":1,"minecraft:dirt":5,"villagersplus:alchemist_table":1,"villagersplus:occultist_table":1,"villagersplus:oceanographer_table":2},"minecraft:used":{"minecraft:rose_bush":1,"minecraft:stone_sword":26,"minecraft:iron_shovel":200,"minecraft:tropical_fish":9,"minecraft:decorated_pot":1,"minecraft:chest":4,"ecologics:coconut_planks":3,"minecraft:rotten_flesh":1,"minecraft:iron_chestplate":1,"minecraft:torch":14,"minecraft:dirt":163,"minecraft:big_dripleaf":1,"minecraft:iron_hoe":1,"paladins:iron_claymore":95,"villagersplus:occultist_table":1,"minecraft:item_frame":1,"minecraft:furnace":4,"culturaldelights:glow_squid":5,"minecraft:iron_leggings":1,"minecraft:water_bucket":27,"minecraft:stone_pickaxe":130,"minecraft:cartography_table":1,"minecraft:wooden_pickaxe":7,"minecraft:green_bed":2,"farmersdelight:organic_compost":1,"minecraft:glow_berries":13,"minecraft:crafting_table":9,"minecraft:red_bed":2,"minecraft:bread":22,"minecraft:iron_pickaxe":70,"minecraft:stone_axe":61,"minecraft:cobblestone":14,"minecraft:andesite":7,"minecraft:bucket":27,"minecraft:birch_log":1,"minecraft:experience_bottle":3},"minecraft:picked_up":{"minecraft:crafting_table":7,"minecraft:wheat":1,"minecraft:chicken":3,"minecraft:clay_ball":20,"minecraft:fire_coral":3,"minecraft:cornflower":25,"minecraft:red_bed":2,"minecraft:moss_carpet":1,"minecraft:raw_copper":16,"minecraft:item_frame":1,"minecraft:cartography_table":1,"minecraft:gold_nugget":1,"minecraft:beef":8,"minecraft:white_tulip":125,"minecraft:bubble_coral":2,"minecraft:rose_bush":1,"minecraft:iron_nugget":18,"minecraft:furnace":3,"minecraft:stick":3,"minecraft:raw_iron":27,"minecraft:big_dripleaf":3,"minecraft:torch":11,"minecraft:green_bed":2,"minecraft:porkchop":5,"paladins:monk_workbench":1,"minecraft:stone_sword":1,"minecraft:tube_coral":2,"minecraft:rotten_flesh":11,"minecraft:tropical_fish":9,"minecraft:decorated_pot":1,"villagersplus:occultist_table":1,"minecraft:hay_block":54,"ecologics:coconut_log":4,"spell_engine:spell_binding":1,"minecraft:saddle":1,"supplementaries:ash":4,"villagersplus:alchemist_table":1,"minecraft:glow_berries":13,"minecraft:cobblestone":177,"minecraft:birch_log":14,"minecraft:feather":3,"minecraft:glow_ink_sac":6,"minecraft:andesite":9,"minecraft:leather":5,"minecraft:potato":1,"minecraft:birch_planks":16,"minecraft:oak_log":22,"supplementaries:flax_seeds":2,"minecraft:horn_coral":2,"minecraft:dirt":206,"minecraft:lantern":1,"culturaldelights:glow_squid":5,"farmersdelight:organic_compost":3,"minecraft:bone":7,"minecraft:wheat_seeds":30,"paladins:acolyte_wand":1,"minecraft:iron_ingot":4,"minecraft:tall_grass":1,"minecraft:oak_planks":4,"minecraft:book":42,"minecraft:tropical_fish_bucket":2,"minecraft:cooked_porkchop":10,"minecraft:dandelion":7,"minecraft:lily_of_the_valley":17,"villagersplus:oceanographer_table":2,"minecraft:spider_eye":1,"minecraft:bone_meal":2,"minecraft:coal":56},"minecraft:crafted":{"minecraft:oak_planks":4,"ecologics:coconut_planks":16,"minecraft:furnace":1,"minecraft:iron_boots":1,"minecraft:iron_hoe":1,"minecraft:stone_pickaxe":1,"minecraft:chest":4,"minecraft:wheat":486,"minecraft:crafting_table":2,"minecraft:wooden_pickaxe":1,"minecraft:iron_helmet":2,"paladins:iron_claymore":1,"minecraft:birch_planks":32,"minecraft:stone_axe":1,"minecraft:bread":166,"minecraft:air":0,"minecraft:iron_chestplate":1,"minecraft:stick":12,"minecraft:iron_ingot":52,"minecraft:iron_pickaxe":1,"minecraft:stone_sword":1,"minecraft:iron_shovel":1,"minecraft:iron_leggings":1,"minecraft:torch":4},"minecraft:killed":{"minecraft:spider":2,"minecraft:chicken":3,"minecraft:axolotl":1,"minecraft:tropical_fish":5,"minecraft:pig":2,"minecraft:zombie_villager":1,"minecraft:zombie":8,"minecraft:cow":6},"minecraft:dropped":{"minecraft:iron_ingot":8,"minecraft:bread":64,"minecraft:birch_planks":14,"minecraft:iron_helmet":1,"minecraft:cornflower":1,"farmersdelight:organic_compost":1,"minecraft:gold_nugget":1,"minecraft:paper":1,"minecraft:white_tulip":15,"minecraft:bubble_coral":1,"minecraft:stone_sword":2,"minecraft:tall_grass":1,"minecraft:lily_of_the_valley":3,"minecraft:big_dripleaf":2,"minecraft:andesite":1,"minecraft:fire_coral":1},"minecraft:killed_by":{"ecologics:coconut_crab":1},"minecraft:broken":{"minecraft:stone_pickaxe":1},"minecraft:custom":{"minecraft:mob_kills":31,"minecraft:interact_with_crafting_table":25,"minecraft:leave_game":6,"minecraft:time_since_death":87283,"minecraft:climb_one_cm":4497,"minecraft:sprint_one_cm":256037,"minecraft:walk_one_cm":240697,"minecraft:drop":20,"minecraft:talked_to_villager":7,"minecraft:play_time":110993,"minecraft:deaths":1,"minecraft:sneak_time":2019,"minecraft:walk_under_water_one_cm":4553,"minecraft:jump":1671,"minecraft:walk_on_water_one_cm":15320,"minecraft:total_world_time":110993,"minecraft:interact_with_furnace":39,"minecraft:interact_with_cartography_table":1,"minecraft:interact_with_loom":1,"minecraft:sleep_in_bed":2,"minecraft:time_since_rest":12836,"minecraft:damage_taken":1033,"minecraft:damage_dealt":7243,"minecraft:swim_one_cm":18211,"minecraft:fly_one_cm":415279,"minecraft:open_chest":63,"minecraft:crouch_one_cm":9472,"minecraft:interact_with_smoker":1,"minecraft:fall_one_cm":39634,"minecraft:horse_one_cm":64784}},"DataVersion":3465}