{"stats":{"minecraft:mined":{"minecraft:dark_oak_log":6,"minecraft:clay":12,"minecraft:crafting_table":6,"minecraft:glow_lichen":4,"minecraft:grass_block":1,"minecraft:rose_bush":1,"minecraft:stone_slab":1,"minecraft:copper_ore":18,"minecraft:cobblestone":3,"minecraft:large_fern":1,"farmersdelight:wild_onions":1,"minecraft:birch_planks":1,"minecraft:birch_log":135,"minecraft:blue_ice":4,"minecraft:lilac":4,"minecraft:birch_leaves":2,"minecraft:grass":2,"minecraft:oak_log":7,"minecraft:coal_ore":133,"minecraft:deepslate_iron_ore":13,"minecraft:vine":2,"minecraft:stone":607,"minecraft:deepslate":29},"minecraft:used":{"minecraft:stone_sword":14,"minecraft:birch_planks":1,"minecraft:tropical_fish":2,"minecraft:stone_shovel":7,"minecraft:stone_pickaxe":706,"minecraft:chest":2,"minecraft:wooden_pickaxe":114,"minecraft:iron_sword":13,"minecraft:torch":46,"minecraft:dirt":1,"minecraft:crafting_table":10,"minecraft:carrot":1,"minecraft:white_bed":1,"minecraft:wooden_axe":83,"minecraft:wooden_hoe":12,"minecraft:stone_axe":43,"minecraft:wooden_sword":3,"minecraft:cobblestone":34,"minecraft:written_book":2,"minecraft:furnace":2,"minecraft:birch_log":2,"minecraft:cobbled_deepslate":4},"minecraft:picked_up":{"minecraft:birch_log":115,"minecraft:crafting_table":6,"minecraft:lilac":2,"minecraft:clay_ball":48,"minecraft:glow_ink_sac":12,"minecraft:brown_wool":1,"minecraft:stone_slab":1,"minecraft:birch_planks":1,"minecraft:oak_log":7,"minecraft:dirt":1,"minecraft:raw_copper":63,"culturaldelights:glow_squid":2,"minecraft:cobbled_deepslate":26,"minecraft:stone_pickaxe":2,"minecraft:rose_bush":1,"minecraft:written_book":2,"minecraft:birch_sapling":13,"minecraft:stick":11,"minecraft:raw_iron":13,"ecologics:coconut_slice":2,"minecraft:torch":1,"minecraft:carrot":3,"minecraft:dark_oak_log":5,"minecraft:tropical_fish":2,"minecraft:mutton":6,"minecraft:coal":127,"minecraft:white_wool":3,"minecraft:cobblestone":607},"minecraft:crafted":{"minecraft:wooden_sword":1,"minecraft:stone_shovel":2,"minecraft:crafting_table":4,"minecraft:wooden_pickaxe":4,"minecraft:iron_helmet":1,"minecraft:iron_sword":1,"minecraft:furnace":2,"minecraft:birch_planks":212,"minecraft:stone_axe":2,"minecraft:cooked_mutton":6,"minecraft:wooden_hoe":1,"minecraft:iron_chestplate":1,"minecraft:stick":136,"minecraft:iron_ingot":26,"minecraft:stone_pickaxe":9,"minecraft:wooden_axe":2,"minecraft:stone_sword":2,"minecraft:chest":2,"minecraft:iron_leggings":1,"minecraft:white_bed":1,"minecraft:torch":84},"minecraft:killed":{"minecraft:skeleton":1,"minecraft:sheep":4},"minecraft:dropped":{"minecraft:stone_pickaxe":2,"minecraft:written_book":2},"minecraft:killed_by":{"minecraft:skeleton":5,"minecraft:zombie":1},"minecraft:broken":{"minecraft:stone_pickaxe":4,"minecraft:wooden_axe":1},"minecraft:custom":{"minecraft:interact_with_furnace":17,"minecraft:mob_kills":5,"minecraft:interact_with_crafting_table":65,"minecraft:leave_game":7,"minecraft:time_since_death":14044,"minecraft:sleep_in_bed":3,"minecraft:climb_one_cm":914,"minecraft:time_since_rest":13315,"minecraft:sprint_one_cm":228072,"minecraft:damage_taken":2359,"minecraft:walk_one_cm":401476,"minecraft:drop":4,"minecraft:damage_dealt":831,"minecraft:fly_one_cm":43363,"minecraft:open_chest":44,"minecraft:crouch_one_cm":1151,"minecraft:play_time":121346,"minecraft:deaths":9,"minecraft:sneak_time":688,"minecraft:walk_under_water_one_cm":7212,"minecraft:jump":1645,"minecraft:walk_on_water_one_cm":43064,"minecraft:total_world_time":121346,"minecraft:fall_one_cm":25631}},"DataVersion":3465}