{"stats":{"minecraft:crafted":{"minecraft:stone_shovel":2,"minecraft:crafting_table":2,"minecraft:wooden_pickaxe":2,"minecraft:furnace":1,"minecraft:birch_planks":184,"minecraft:stone_axe":2,"minecraft:cooked_mutton":6,"minecraft:stick":56,"minecraft:stone_pickaxe":4,"minecraft:wooden_axe":2,"minecraft:stone_sword":2,"minecraft:chest":1,"minecraft:white_bed":1,"minecraft:torch":32},"minecraft:custom":{"minecraft:interact_with_furnace":7,"minecraft:mob_kills":4,"minecraft:interact_with_crafting_table":33,"minecraft:leave_game":4,"minecraft:time_since_death":7508,"minecraft:sleep_in_bed":2,"minecraft:climb_one_cm":438,"minecraft:time_since_rest":5150,"minecraft:sprint_one_cm":152720,"minecraft:damage_taken":570,"minecraft:walk_one_cm":175904,"minecraft:drop":1,"minecraft:damage_dealt":370,"minecraft:fly_one_cm":24740,"minecraft:open_chest":17,"minecraft:crouch_one_cm":177,"minecraft:play_time":61370,"minecraft:deaths":3,"minecraft:sneak_time":4,"minecraft:walk_under_water_one_cm":3748,"minecraft:jump":625,"minecraft:walk_on_water_one_cm":6300,"minecraft:total_world_time":61370,"minecraft:fall_one_cm":5436},"minecraft:picked_up":{"minecraft:birch_log":107,"minecraft:crafting_table":6,"minecraft:lilac":2,"minecraft:clay_ball":44,"minecraft:brown_wool":1,"minecraft:stone_slab":1,"minecraft:birch_planks":1,"minecraft:oak_log":7,"minecraft:dirt":1,"minecraft:stone_pickaxe":1,"minecraft:rose_bush":1,"minecraft:birch_sapling":13,"minecraft:stick":11,"ecologics:coconut_slice":2,"minecraft:carrot":3,"minecraft:dark_oak_log":5,"minecraft:mutton":6,"minecraft:coal":77,"minecraft:white_wool":3,"minecraft:cobblestone":339},"minecraft:killed":{"minecraft:sheep":4},"minecraft:mined":{"minecraft:dark_oak_log":6,"minecraft:clay":11,"minecraft:crafting_table":6,"minecraft:glow_lichen":2,"minecraft:grass_block":1,"minecraft:rose_bush":1,"minecraft:stone_slab":1,"minecraft:large_fern":1,"minecraft:birch_planks":1,"farmersdelight:wild_onions":1,"minecraft:birch_log":117,"minecraft:lilac":4,"minecraft:birch_leaves":2,"minecraft:grass":1,"minecraft:coal_ore":79,"minecraft:oak_log":7,"minecraft:vine":2,"minecraft:stone":342},"minecraft:killed_by":{"minecraft:skeleton":1,"minecraft:zombie":1},"minecraft:used":{"minecraft:stone_sword":14,"minecraft:birch_planks":1,"minecraft:stone_shovel":7,"minecraft:stone_pickaxe":369,"minecraft:chest":1,"minecraft:wooden_pickaxe":60,"minecraft:torch":11,"minecraft:dirt":1,"minecraft:crafting_table":8,"minecraft:carrot":1,"minecraft:white_bed":1,"minecraft:wooden_axe":83,"minecraft:stone_axe":43,"minecraft:furnace":1,"minecraft:birch_log":1},"minecraft:broken":{"minecraft:stone_pickaxe":2,"minecraft:wooden_axe":1},"minecraft:dropped":{"minecraft:stone_pickaxe":1}},"DataVersion":3465}