{"stats":{"minecraft:mined":{"minecraft:dark_oak_log":6,"minecraft:clay":12,"minecraft:crafting_table":6,"minecraft:glow_lichen":3,"minecraft:grass_block":1,"minecraft:rose_bush":1,"minecraft:stone_slab":1,"minecraft:cobblestone":2,"minecraft:copper_ore":18,"minecraft:large_fern":1,"minecraft:birch_planks":1,"farmersdelight:wild_onions":1,"minecraft:birch_log":117,"minecraft:blue_ice":2,"minecraft:lilac":4,"minecraft:birch_leaves":2,"minecraft:grass":1,"minecraft:oak_log":7,"minecraft:coal_ore":105,"minecraft:deepslate_iron_ore":13,"minecraft:vine":2,"minecraft:stone":575,"minecraft:deepslate":2},"minecraft:killed":{"minecraft:sheep":4},"minecraft:custom":{"minecraft:interact_with_furnace":15,"minecraft:mob_kills":4,"minecraft:interact_with_crafting_table":39,"minecraft:leave_game":5,"minecraft:time_since_death":7988,"minecraft:sleep_in_bed":2,"minecraft:climb_one_cm":438,"minecraft:time_since_rest":8074,"minecraft:sprint_one_cm":177308,"minecraft:damage_taken":970,"minecraft:walk_one_cm":258932,"minecraft:drop":3,"minecraft:damage_dealt":370,"minecraft:fly_one_cm":28579,"minecraft:open_chest":21,"minecraft:crouch_one_cm":177,"minecraft:play_time":85106,"minecraft:deaths":4,"minecraft:sneak_time":38,"minecraft:walk_under_water_one_cm":4485,"minecraft:jump":927,"minecraft:walk_on_water_one_cm":17161,"minecraft:total_world_time":85106,"minecraft:fall_one_cm":10604},"minecraft:dropped":{"minecraft:stone_pickaxe":2,"minecraft:written_book":1},"minecraft:picked_up":{"minecraft:birch_log":107,"minecraft:crafting_table":6,"minecraft:lilac":2,"minecraft:clay_ball":48,"minecraft:brown_wool":1,"minecraft:stone_slab":1,"minecraft:birch_planks":1,"minecraft:oak_log":7,"minecraft:dirt":1,"minecraft:raw_copper":63,"minecraft:cobbled_deepslate":1,"minecraft:stone_pickaxe":2,"minecraft:written_book":2,"minecraft:rose_bush":1,"minecraft:birch_sapling":13,"minecraft:raw_iron":13,"minecraft:stick":11,"ecologics:coconut_slice":2,"minecraft:carrot":3,"minecraft:dark_oak_log":5,"minecraft:mutton":6,"minecraft:coal":103,"minecraft:white_wool":3,"minecraft:cobblestone":574},"minecraft:broken":{"minecraft:stone_pickaxe":4,"minecraft:wooden_axe":1},"minecraft:crafted":{"minecraft:stone_shovel":2,"minecraft:crafting_table":3,"minecraft:wooden_pickaxe":2,"minecraft:furnace":2,"minecraft:birch_planks":184,"minecraft:stone_axe":2,"minecraft:cooked_mutton":6,"minecraft:stick":84,"minecraft:iron_ingot":13,"minecraft:stone_pickaxe":6,"minecraft:wooden_axe":2,"minecraft:stone_sword":2,"minecraft:chest":2,"minecraft:white_bed":1,"minecraft:torch":44},"minecraft:killed_by":{"minecraft:skeleton":2,"minecraft:zombie":1},"minecraft:used":{"minecraft:stone_sword":14,"minecraft:birch_planks":1,"minecraft:stone_shovel":7,"minecraft:stone_pickaxe":667,"minecraft:chest":2,"minecraft:wooden_pickaxe":60,"minecraft:torch":36,"minecraft:dirt":1,"minecraft:crafting_table":9,"minecraft:carrot":1,"minecraft:white_bed":1,"minecraft:wooden_axe":83,"minecraft:stone_axe":43,"minecraft:cobblestone":15,"minecraft:written_book":2,"minecraft:furnace":2,"minecraft:birch_log":1}},"DataVersion":3465}