{"stats":{"minecraft:mined":{"minecraft:large_fern":1,"farmersdelight:wild_onions":1,"minecraft:birch_planks":1,"minecraft:birch_log":82,"minecraft:lilac":4,"minecraft:dark_oak_log":6,"minecraft:birch_leaves":2,"minecraft:crafting_table":3,"minecraft:glow_lichen":1,"minecraft:grass":1,"minecraft:grass_block":1,"minecraft:oak_log":7,"minecraft:coal_ore":9,"minecraft:vine":1,"minecraft:rose_bush":1,"minecraft:stone":3},"minecraft:killed_by":{"minecraft:skeleton":1,"minecraft:zombie":1},"minecraft:picked_up":{"minecraft:birch_log":77,"minecraft:stick":6,"minecraft:crafting_table":3,"minecraft:lilac":2,"ecologics:coconut_slice":2,"minecraft:birch_planks":1,"minecraft:oak_log":7,"minecraft:dark_oak_log":5,"minecraft:dirt":1,"minecraft:rose_bush":1,"minecraft:birch_sapling":5,"minecraft:coal":8,"minecraft:cobblestone":3},"minecraft:broken":{"minecraft:wooden_axe":1},"minecraft:custom":{"minecraft:time_since_rest":14444,"minecraft:sprint_one_cm":103142,"minecraft:damage_taken":430,"minecraft:walk_one_cm":83564,"minecraft:damage_dealt":52,"minecraft:interact_with_crafting_table":10,"minecraft:fly_one_cm":17640,"minecraft:crouch_one_cm":177,"minecraft:play_time":32723,"minecraft:deaths":2,"minecraft:sneak_time":4,"minecraft:walk_under_water_one_cm":3748,"minecraft:jump":244,"minecraft:leave_game":2,"minecraft:time_since_death":14409,"minecraft:walk_on_water_one_cm":6300,"minecraft:climb_one_cm":414,"minecraft:total_world_time":32723,"minecraft:fall_one_cm":3974},"minecraft:crafted":{"minecraft:crafting_table":1,"minecraft:stick":12,"minecraft:wooden_pickaxe":1,"minecraft:wooden_axe":2,"minecraft:birch_planks":96},"minecraft:used":{"minecraft:wooden_axe":82,"minecraft:birch_planks":1,"minecraft:wooden_pickaxe":14,"minecraft:crafting_table":4,"minecraft:birch_log":1}},"DataVersion":3465}