{"stats":{"minecraft:killed":{"minecraft:spider":1,"minecraft:skeleton":1,"minecraft:chicken":1,"minecraft:sheep":10,"minecraft:zombie":1,"minecraft:cow":1},"minecraft:mined":{"minecraft:dark_oak_log":212,"minecraft:glow_lichen":4,"minecraft:acacia_log":45,"minecraft:grass_block":43,"minecraft:moss_block":3,"minecraft:large_fern":1,"farmersdelight:wild_onions":5,"minecraft:iron_ore":18,"minecraft:red_tulip":1,"minecraft:deepslate_iron_ore":13,"minecraft:vine":3,"minecraft:stone":738,"minecraft:scaffolding":1,"minecraft:melon_stem":1,"minecraft:clay":12,"minecraft:crafting_table":11,"minecraft:cornflower":4,"minecraft:torch":1,"minecraft:poppy":1,"minecraft:chest":1,"minecraft:rose_bush":2,"minecraft:stone_slab":1,"minecraft:cobblestone":3,"minecraft:copper_ore":23,"minecraft:tall_grass":4,"minecraft:wall_torch":1,"minecraft:white_terracotta":6,"minecraft:birch_planks":6,"minecraft:coarse_dirt":92,"minecraft:dark_oak_slab":1,"minecraft:birch_log":265,"minecraft:wheat":174,"minecraft:blue_ice":4,"minecraft:lilac":4,"minecraft:birch_leaves":2,"minecraft:grass":137,"minecraft:coal_ore":151,"minecraft:oak_log":12,"minecraft:dirt":2,"minecraft:brown_terracotta":1,"minecraft:deepslate":29},"minecraft:broken":{"minecraft:stone_pickaxe":5,"minecraft:stone_axe":3,"minecraft:wooden_axe":1,"minecraft:stone_shovel":1},"minecraft:used":{"minecraft:stone_sword":68,"minecraft:tropical_fish":2,"minecraft:stone_shovel":263,"minecraft:chest":4,"minecraft:iron_sword":13,"minecraft:torch":108,"minecraft:dirt":39,"minecraft:carrot":1,"minecraft:wooden_axe":83,"minecraft:dark_oak_slab":17,"minecraft:written_book":2,"minecraft:furnace":4,"minecraft:cobbled_deepslate":4,"minecraft:enchanted_golden_apple":1,"minecraft:cooked_mutton":5,"minecraft:birch_planks":226,"minecraft:stone_pickaxe":897,"minecraft:wooden_pickaxe":114,"minecraft:crafting_table":16,"minecraft:white_bed":1,"minecraft:dark_oak_door":8,"minecraft:wooden_hoe":16,"minecraft:bread":20,"minecraft:stone_axe":486,"minecraft:wooden_sword":3,"minecraft:cobblestone":44,"minecraft:purple_bed":1,"minecraft:birch_log":2,"minecraft:coarse_dirt":92},"minecraft:custom":{"minecraft:mob_kills":16,"minecraft:interact_with_crafting_table":99,"minecraft:leave_game":8,"minecraft:time_since_death":140673,"minecraft:climb_one_cm":3007,"minecraft:sprint_one_cm":803477,"minecraft:walk_one_cm":1184910,"minecraft:drop":18,"minecraft:play_time":265166,"minecraft:deaths":10,"minecraft:sneak_time":3169,"minecraft:walk_under_water_one_cm":18799,"minecraft:jump":3202,"minecraft:walk_on_water_one_cm":75517,"minecraft:total_world_time":265166,"minecraft:interact_with_furnace":25,"minecraft:sleep_in_bed":6,"minecraft:time_since_rest":9359,"minecraft:damage_taken":3234,"minecraft:damage_dealt":2607,"minecraft:fly_one_cm":107951,"minecraft:open_chest":84,"minecraft:crouch_one_cm":9258,"minecraft:fall_one_cm":36177},"minecraft:killed_by":{"minecraft:skeleton":5,"minecraft:zombie":2},"minecraft:dropped":{"minecraft:moss_block":3,"minecraft:wheat_seeds":115,"minecraft:leather":2,"minecraft:dark_oak_button":2,"minecraft:bone_meal":1,"minecraft:flowering_azalea":1,"minecraft:bone":2,"minecraft:birch_sapling":21,"minecraft:poppy":1,"minecraft:arrow":2,"minecraft:stone_pickaxe":2,"minecraft:wooden_pickaxe":1,"minecraft:written_book":2},"minecraft:crafted":{"minecraft:wooden_sword":1,"minecraft:stone_shovel":4,"minecraft:purple_bed":1,"minecraft:furnace":4,"minecraft:cooked_mutton":14,"minecraft:dark_oak_door":9,"minecraft:stone_pickaxe":10,"minecraft:chest":3,"minecraft:dark_oak_planks":44,"minecraft:red_dye":2,"minecraft:crafting_table":6,"minecraft:iron_helmet":1,"minecraft:wooden_pickaxe":4,"minecraft:iron_sword":1,"minecraft:dark_oak_button":2,"minecraft:birch_planks":468,"minecraft:stone_axe":6,"minecraft:bread":28,"minecraft:blue_dye":2,"minecraft:dark_oak_slab":18,"minecraft:iron_chestplate":2,"minecraft:wooden_hoe":1,"minecraft:purple_dye":2,"minecraft:stick":148,"minecraft:iron_ingot":44,"minecraft:wooden_axe":2,"minecraft:stone_sword":3,"minecraft:iron_leggings":2,"minecraft:white_bed":2,"minecraft:acacia_planks":32,"minecraft:torch":132},"minecraft:picked_up":{"minecraft:crafting_table":11,"minecraft:coarse_dirt":92,"minecraft:allium":10,"minecraft:wheat":159,"minecraft:azure_bluet":1,"minecraft:chicken":1,"minecraft:clay_ball":48,"minecraft:stone_slab":1,"minecraft:cornflower":2,"minecraft:string":2,"minecraft:raw_copper":86,"minecraft:cobbled_deepslate":26,"minecraft:beef":1,"minecraft:rose_bush":2,"minecraft:written_book":2,"minecraft:poppy":1,"minecraft:enchanted_golden_apple":1,"minecraft:chest":1,"minecraft:birch_sapling":35,"minecraft:dark_oak_sapling":16,"minecraft:raw_iron":31,"minecraft:stick":39,"ecologics:coconut_slice":2,"minecraft:brown_terracotta":1,"minecraft:torch":3,"minecraft:acacia_log":30,"minecraft:carrot":3,"minecraft:arrow":2,"minecraft:tropical_fish":2,"farmersdelight:onion":4,"minecraft:red_tulip":1,"minecraft:white_terracotta":6,"minecraft:mutton":14,"minecraft:white_wool":7,"minecraft:cobblestone":738,"minecraft:birch_log":251,"minecraft:feather":1,"minecraft:lilac":2,"minecraft:glow_ink_sac":12,"minecraft:brown_wool":2,"minecraft:leather":4,"minecraft:birch_planks":6,"minecraft:oak_log":12,"minecraft:dirt":39,"culturaldelights:glow_squid":2,"minecraft:bone":2,"minecraft:apple":3,"minecraft:wheat_seeds":179,"minecraft:stone_pickaxe":2,"minecraft:moss_block":6,"minecraft:flowering_azalea":1,"minecraft:acacia_sapling":6,"minecraft:dark_oak_slab":1,"minecraft:dark_oak_log":173,"minecraft:diamond":2,"minecraft:gray_wool":1,"minecraft:bread":18,"minecraft:oak_sapling":7,"minecraft:coal":145}},"DataVersion":3465}