{"stats":{"minecraft:used":{"minecraft:wooden_axe":83,"minecraft:stone_sword":14,"minecraft:birch_planks":1,"minecraft:stone_shovel":7,"minecraft:stone_pickaxe":369,"minecraft:wooden_pickaxe":25,"minecraft:torch":10,"minecraft:stone_axe":43,"minecraft:dirt":1,"minecraft:crafting_table":8,"minecraft:furnace":1,"minecraft:carrot":1,"minecraft:birch_log":1,"minecraft:white_bed":1},"minecraft:picked_up":{"minecraft:birch_log":107,"minecraft:stick":11,"minecraft:crafting_table":6,"minecraft:lilac":2,"minecraft:clay_ball":40,"ecologics:coconut_slice":2,"minecraft:brown_wool":1,"minecraft:stone_slab":1,"minecraft:birch_planks":1,"minecraft:oak_log":7,"minecraft:carrot":3,"minecraft:dark_oak_log":5,"minecraft:dirt":1,"minecraft:stone_pickaxe":1,"minecraft:rose_bush":1,"minecraft:birch_sapling":13,"minecraft:mutton":6,"minecraft:coal":74,"minecraft:white_wool":3,"minecraft:cobblestone":307},"minecraft:dropped":{"minecraft:stone_pickaxe":1},"minecraft:killed_by":{"minecraft:skeleton":1,"minecraft:zombie":1},"minecraft:custom":{"minecraft:sprint_one_cm":135971,"minecraft:interact_with_furnace":4,"minecraft:damage_taken":570,"minecraft:walk_one_cm":153444,"minecraft:mob_kills":4,"minecraft:drop":1,"minecraft:damage_dealt":370,"minecraft:interact_with_crafting_table":26,"minecraft:fly_one_cm":22830,"minecraft:open_chest":12,"minecraft:crouch_one_cm":177,"minecraft:play_time":54348,"minecraft:deaths":3,"minecraft:sneak_time":4,"minecraft:walk_under_water_one_cm":3748,"minecraft:jump":501,"minecraft:leave_game":3,"minecraft:time_since_death":486,"minecraft:walk_on_water_one_cm":6300,"minecraft:sleep_in_bed":1,"minecraft:total_world_time":54348,"minecraft:climb_one_cm":438,"minecraft:fall_one_cm":5227,"minecraft:time_since_rest":657},"minecraft:killed":{"minecraft:sheep":4},"minecraft:broken":{"minecraft:stone_pickaxe":2,"minecraft:wooden_axe":1},"minecraft:crafted":{"minecraft:stone_shovel":1,"minecraft:crafting_table":2,"minecraft:stick":32,"minecraft:wooden_pickaxe":1,"minecraft:stone_pickaxe":3,"minecraft:wooden_axe":2,"minecraft:stone_sword":1,"minecraft:furnace":1,"minecraft:white_bed":1,"minecraft:birch_planks":120,"minecraft:torch":16,"minecraft:stone_axe":1,"minecraft:cooked_mutton":1},"minecraft:mined":{"minecraft:large_fern":1,"farmersdelight:wild_onions":1,"minecraft:birch_planks":1,"minecraft:birch_log":117,"minecraft:lilac":4,"minecraft:dark_oak_log":6,"minecraft:birch_leaves":2,"minecraft:clay":10,"minecraft:crafting_table":6,"minecraft:glow_lichen":2,"minecraft:grass":1,"minecraft:grass_block":1,"minecraft:oak_log":7,"minecraft:coal_ore":76,"minecraft:vine":2,"minecraft:rose_bush":1,"minecraft:stone_slab":1,"minecraft:stone":311}},"DataVersion":3465}