{"stats":{"minecraft:custom":{"minecraft:time_since_rest":168582,"minecraft:crouch_one_cm":951,"minecraft:play_time":168582,"minecraft:sprint_one_cm":646,"minecraft:walk_one_cm":83541,"minecraft:sneak_time":3028,"minecraft:walk_under_water_one_cm":950,"minecraft:mob_kills":1,"minecraft:drop":12,"minecraft:jump":317,"minecraft:damage_dealt":560,"minecraft:leave_game":11,"minecraft:time_since_death":168582,"minecraft:walk_on_water_one_cm":211,"minecraft:climb_one_cm":12,"minecraft:total_world_time":168582,"minecraft:fly_one_cm":578420},"minecraft:picked_up":{"minecraft:raw_iron":1,"minecraft:wheat":1,"minecraft:arrow":1,"minecraft:bone":1,"minecraft:cooked_porkchop":10,"ecologics:coconut_slice":2,"minecraft:white_tulip":1},"minecraft:used":{"minecraft:torch":16,"minecraft:writable_book":1,"minecraft:dirt":109,"minecraft:chest":13},"minecraft:killed":{"minecraft:skeleton":1},"minecraft:dropped":{"minecraft:written_book":1,"minecraft:cooked_porkchop":26,"minecraft:raw_iron":1}},"DataVersion":3465}