{"stats":{"minecraft:killed":{"minecraft:skeleton":1},"minecraft:custom":{"minecraft:time_since_rest":149286,"minecraft:crouch_one_cm":948,"minecraft:play_time":149286,"minecraft:sprint_one_cm":646,"minecraft:walk_one_cm":71623,"minecraft:sneak_time":2992,"minecraft:walk_under_water_one_cm":950,"minecraft:mob_kills":1,"minecraft:drop":12,"minecraft:jump":271,"minecraft:damage_dealt":560,"minecraft:leave_game":11,"minecraft:time_since_death":149286,"minecraft:walk_on_water_one_cm":211,"minecraft:climb_one_cm":12,"minecraft:total_world_time":149286,"minecraft:fly_one_cm":574669},"minecraft:used":{"minecraft:torch":16,"minecraft:writable_book":1,"minecraft:dirt":109,"minecraft:chest":13},"minecraft:dropped":{"minecraft:written_book":1,"minecraft:cooked_porkchop":26,"minecraft:raw_iron":1},"minecraft:picked_up":{"minecraft:raw_iron":1,"minecraft:wheat":1,"minecraft:arrow":1,"minecraft:bone":1,"minecraft:cooked_porkchop":10,"ecologics:coconut_slice":2,"minecraft:white_tulip":1}},"DataVersion":3465}