{"stats":{"minecraft:custom":{"minecraft:jump":68,"minecraft:time_since_rest":63219,"minecraft:crouch_one_cm":294,"minecraft:leave_game":8,"minecraft:play_time":63219,"minecraft:sprint_one_cm":140,"minecraft:walk_on_water_one_cm":5,"minecraft:time_since_death":63219,"minecraft:walk_one_cm":42602,"minecraft:sneak_time":1248,"minecraft:walk_under_water_one_cm":76,"minecraft:total_world_time":63219,"minecraft:drop":2,"minecraft:fly_one_cm":123083},"minecraft:dropped":{"minecraft:written_book":1,"minecraft:raw_iron":1},"minecraft:picked_up":{"minecraft:raw_iron":1,"ecologics:coconut_slice":2},"minecraft:used":{"minecraft:writable_book":1}},"DataVersion":3465}