{"stats":{"minecraft:used":{"minecraft:torch":16,"minecraft:writable_book":1,"minecells:cursed_sword":3,"minecraft:chest":13},"minecraft:picked_up":{"minecraft:wheat":1,"minecraft:raw_iron":1,"minecraft:bone":1,"minecraft:arrow":1,"minecraft:cooked_porkchop":10,"ecologics:coconut_slice":2,"minecraft:white_tulip":1},"minecraft:killed":{"minecraft:skeleton":1},"minecraft:dropped":{"minecraft:written_book":1,"minecraft:cooked_porkchop":26,"minecraft:raw_iron":1},"minecraft:custom":{"minecraft:time_since_rest":98717,"minecraft:crouch_one_cm":370,"minecraft:sprint_one_cm":140,"minecraft:play_time":98717,"minecraft:walk_one_cm":45261,"minecraft:sneak_time":2514,"minecraft:walk_under_water_one_cm":950,"minecraft:mob_kills":1,"minecraft:drop":12,"minecraft:jump":81,"minecraft:damage_dealt":560,"minecraft:leave_game":9,"minecraft:walk_on_water_one_cm":211,"minecraft:time_since_death":98717,"minecraft:total_world_time":98717,"minecraft:climb_one_cm":12,"minecraft:fly_one_cm":365206}},"DataVersion":3465}