{"stats":{"minecraft:mined":{"ecologics:seashell":1,"minecraft:birch_log":7,"minecraft:lilac":3,"minecraft:dark_oak_log":2,"minecraft:clay":1,"minecraft:light_gray_terracotta":7,"minecraft:grass":2,"minecraft:grass_block":2,"minecraft:stone_slab":1,"ecologics:coconut_log":3,"minecraft:stone":6},"minecraft:killed_by":{"minecraft:zombie":1},"minecraft:picked_up":{"minecraft:birch_log":7,"minecraft:feather":4,"minecraft:clay_ball":4,"minecraft:leather":3,"minecraft:stone_slab":1,"ecologics:seashell":1,"minecraft:porkchop":2,"minecraft:dark_oak_log":2,"minecraft:dirt":2,"minecraft:light_gray_terracotta":7,"minecraft:arrow":2,"minecraft:bone":1,"ecologics:coconut_log":3,"minecraft:beef":7,"minecraft:oak_sapling":1,"minecraft:birch_sapling":2,"minecraft:cobblestone":6,"ecologics:crab_claw":1},"minecraft:custom":{"minecraft:time_since_rest":19211,"minecraft:sprint_one_cm":104373,"minecraft:damage_taken":530,"minecraft:walk_one_cm":121438,"minecraft:mob_kills":11,"minecraft:damage_dealt":1658,"minecraft:interact_with_crafting_table":3,"minecraft:swim_one_cm":6251,"minecraft:talked_to_villager":4,"minecraft:fly_one_cm":78746,"minecraft:open_barrel":2,"minecraft:open_chest":16,"minecraft:crouch_one_cm":1714,"minecraft:play_time":26718,"minecraft:deaths":1,"minecraft:sneak_time":170,"minecraft:walk_under_water_one_cm":1022,"minecraft:jump":460,"minecraft:interact_with_stonecutter":1,"minecraft:walk_on_water_one_cm":3272,"minecraft:time_since_death":19169,"minecraft:total_world_time":26718,"minecraft:climb_one_cm":227,"minecraft:fall_one_cm":8018},"minecraft:killed":{"minecraft:skeleton":1,"naturalist:bluejay":2,"ecologics:coconut_crab":1,"naturalist:canary":1,"minecraft:turtle":1,"naturalist:boar":1,"minecraft:cow":4},"minecraft:crafted":{"minecraft:wooden_sword":1,"minecraft:crafting_table":1,"minecraft:stick":4,"minecraft:wooden_pickaxe":1,"minecraft:birch_planks":12},"minecraft:used":{"minecraft:bread":8,"minecraft:wooden_pickaxe":15,"minecraft:stone":4,"minecraft:wooden_sword":40,"minecraft:dirt":2,"minecraft:cobblestone":2,"minecraft:crafting_table":1,"minecraft:birch_log":2}},"DataVersion":3465}