{"stats":{"minecraft:crafted":{"minecraft:wooden_sword":1,"minecraft:crafting_table":3,"minecraft:wooden_pickaxe":1,"minecraft:birch_planks":32,"minecraft:stone_axe":1,"minecraft:stick":8,"minecraft:stone_pickaxe":2,"minecraft:dark_oak_planks":4},"minecraft:custom":{"minecraft:interact_with_furnace":1,"minecraft:mob_kills":13,"minecraft:interact_with_crafting_table":9,"minecraft:open_barrel":2,"minecraft:interact_with_stonecutter":1,"minecraft:leave_game":3,"minecraft:time_since_death":43069,"minecraft:sleep_in_bed":2,"minecraft:climb_one_cm":1608,"minecraft:time_since_rest":13321,"minecraft:sprint_one_cm":137158,"minecraft:damage_taken":765,"minecraft:walk_one_cm":313720,"minecraft:drop":25,"minecraft:damage_dealt":2242,"minecraft:swim_one_cm":6251,"minecraft:talked_to_villager":4,"minecraft:fly_one_cm":99899,"minecraft:play_time":50618,"minecraft:crouch_one_cm":2815,"minecraft:open_chest":32,"minecraft:deaths":1,"minecraft:sneak_time":316,"minecraft:walk_under_water_one_cm":1022,"minecraft:jump":692,"minecraft:walk_on_water_one_cm":3405,"minecraft:total_world_time":50618,"minecraft:interact_with_smoker":1,"minecraft:fall_one_cm":13636},"minecraft:picked_up":{"minecraft:birch_log":12,"ecologics:flowering_azalea_log":3,"minecraft:crafting_table":1,"minecraft:feather":4,"minecraft:flower_pot":1,"minecraft:ladder":2,"minecraft:clay_ball":4,"minecraft:leather":3,"minecraft:yellow_dye":1,"minecraft:stone_slab":1,"ecologics:seashell":1,"minecraft:wooden_pickaxe":1,"minecraft:smoker":1,"minecraft:oak_stairs":2,"minecraft:dirt":18,"minecraft:lantern":3,"minecraft:birch_pressure_plate":2,"minecraft:purple_carpet":5,"minecraft:bone":1,"minecraft:birch_fence":2,"minecraft:oak_sign":2,"minecraft:stone_bricks":1,"minecraft:spruce_planks":10,"minecraft:beef":7,"minecraft:quartz_stairs":7,"minecraft:gray_bed":5,"minecraft:chest":2,"minecraft:birch_sapling":2,"ecologics:crab_claw":1,"minecraft:book":63,"minecraft:oak_slab":2,"minecraft:stick":10,"ecologics:azalea_log":3,"minecraft:sweet_berries":3,"minecraft:oak_fence":1,"minecraft:acacia_log":3,"minecraft:oak_pressure_plate":1,"minecraft:porkchop":2,"minecraft:birch_stairs":4,"fwaystones:waystone":1,"minecraft:dark_oak_log":2,"minecraft:spruce_door":3,"minecraft:brick_slab":31,"minecraft:dark_oak_planks":4,"minecraft:quartz_bricks":46,"minecraft:light_gray_terracotta":7,"minecraft:arrow":2,"minecraft:rotten_flesh":2,"ecologics:coconut_log":3,"minecraft:painting":2,"minecraft:cyan_terracotta":2,"minecraft:birch_sign":5,"minecraft:oak_sapling":1,"minecraft:bricks":38,"minecraft:cobblestone":19},"minecraft:killed":{"naturalist:bluejay":2,"naturalist:boar":1,"minecraft:skeleton":1,"ecologics:coconut_crab":1,"naturalist:canary":1,"minecraft:turtle":1,"minecraft:cow":4},"minecraft:mined":{"minecraft:birch_stairs":4,"minecraft:oak_slab":2,"minecraft:spruce_planks":10,"minecraft:magenta_carpet":1,"minecraft:quartz_stairs":7,"minecraft:cyan_terracotta":2,"minecraft:smoker":1,"minecraft:jungle_leaves":1,"minecraft:dark_oak_log":2,"minecraft:spruce_door":2,"minecraft:oak_fence":1,"minecraft:clay":1,"minecraft:crafting_table":1,"minecraft:light_gray_terracotta":7,"minecraft:cyan_stained_glass_pane":4,"minecraft:acacia_log":7,"minecraft:grass_block":9,"minecraft:chest":3,"minecraft:stone_slab":1,"minecraft:quartz_bricks":50,"ecologics:coconut_log":3,"minecraft:bricks":38,"minecraft:brick_slab":29,"ecologics:seashell":1,"minecraft:birch_log":12,"minecraft:sweet_berry_bush":4,"minecraft:lilac":3,"minecraft:gray_bed":4,"minecraft:grass":3,"minecraft:bookshelf":21,"minecraft:flowering_azalea_leaves":1,"ecologics:azalea_log":3,"minecraft:oak_stairs":2,"ecologics:flowering_azalea_log":3,"minecraft:purple_carpet":4,"minecraft:flower_pot":1,"minecraft:dirt":9,"minecraft:birch_wall_sign":3,"minecraft:stone":15,"minecraft:birch_fence":2,"minecraft:birch_pressure_plate":2},"minecraft:killed_by":{"minecraft:zombie":1},"minecraft:used":{"farmersdelight:iron_knife":9,"minecraft:quartz_bricks":46,"minecraft:water_bucket":2,"minecraft:spruce_door":2,"minecraft:stone_pickaxe":148,"minecraft:chest":1,"minecraft:wooden_pickaxe":15,"minecraft:stone":4,"minecraft:quartz_stairs":7,"minecraft:dirt":2,"minecraft:crafting_table":4,"minecraft:cod_bucket":1,"minecraft:bread":15,"minecraft:wooden_sword":49,"minecraft:cobblestone":2,"minecraft:stone_axe":74,"minecraft:bucket":3,"minecraft:gray_bed":2,"minecraft:birch_log":2,"minecraft:purple_carpet":4},"minecraft:broken":{"minecraft:stone_pickaxe":1},"minecraft:dropped":{"minecraft:sweet_berries":3,"minecraft:oak_fence":1,"minecraft:feather":5,"minecraft:stick":1,"minecraft:cyan_terracotta":2,"minecraft:dark_oak_log":1,"minecraft:flower_pot":1,"minecraft:gray_bed":1,"minecraft:oak_sapling":1,"minecraft:stone_bricks":1,"minecraft:birch_sign":5,"minecraft:wooden_sword":1,"minecraft:painting":3,"minecraft:wooden_pickaxe":1,"ecologics:seashell":1,"minecraft:purple_carpet":1,"minecraft:egg":1}},"DataVersion":3465}