{"stats":{"minecraft:killed":{"endermanoverhaul:flower_fields_enderman":1,"graveyard:corrupted_vindicator":19,"minecraft:spider":5,"graveyard:wraith":12,"naturalist:boar":3,"naturalist:snail":1,"naturalist:coral_snake":1,"minecraft:skeleton":1,"graveyard:acolyte":5,"minecraft:silverfish":7,"minecraft:drowned":1,"minecraft:iron_golem":1,"minecraft:sheep":11,"minecraft:zombie":23,"graveyard:corrupted_pillager":8,"minecraft:cow":4},"minecraft:mined":{"minecraft:infested_deepslate":8,"minecraft:deepslate_tiles":6,"graveyard:pedestal":1,"minecraft:deepslate_diamond_ore":21,"minecraft:sculk_vein":1,"farmersdelight:wild_carrots":10,"minecraft:glow_lichen":1,"minecraft:cobbled_deepslate_slab":1,"minecraft:acacia_log":4,"minecraft:spruce_fence":1,"minecraft:grass_block":10,"minecraft:redstone_wire":10,"graveyard:dark_iron_door":2,"minecraft:deepslate_bricks":9,"minecraft:moss_block":3,"minecraft:spawner":2,"graveyard:wither_skull_with_rib_cage":1,"minecraft:hay_block":10,"minecraft:magma_block":1,"minecraft:sculk_catalyst":1,"minecraft:furnace":3,"minecraft:iron_ore":6,"minecraft:cobbled_deepslate":20,"minecraft:suspicious_sand":2,"minecraft:andesite":24,"minecraft:chiseled_deepslate":1,"minecraft:moss_carpet":1,"minecraft:bookshelf":20,"minecraft:deepslate_iron_ore":38,"minecraft:cave_vines":1,"minecraft:polished_deepslate_slab":1,"minecraft:iron_bars":1,"minecraft:deepslate_brick_stairs":1,"minecraft:black_candle":1,"minecraft:bamboo":2,"minecraft:stone":166,"minecraft:cut_sandstone":3,"minecraft:polished_deepslate_stairs":1,"minecraft:soul_fire":2,"minecraft:crafting_table":5,"minecraft:clay":8,"minecraft:torch":1,"minecraft:melon":6,"minecraft:spruce_wall_sign":2,"minecraft:tall_grass":2,"minecraft:copper_ore":1,"minecraft:cobblestone":4,"graveyard:lying_skeleton":1,"minecraft:cracked_deepslate_bricks":2,"minecraft:skeleton_skull":1,"supplementaries:urn":1,"graveyard:vase_block":2,"jewelry:deepslate_gem_vein":1,"minecraft:birch_log":26,"minecraft:birch_leaves":3,"graveyard:creeper_skeleton":1,"minecraft:grass":5,"minecraft:cracked_deepslate_tiles":1,"minecraft:gravel":19,"minecraft:sand":6,"minecraft:dirt":28,"minecraft:cobweb":24,"minecraft:spruce_fence_gate":1,"minecraft:oak_leaves":1,"minecraft:deepslate":100},"minecraft:broken":{"minecraft:stone_sword":1},"minecraft:used":{"fwaystones:waystone":1,"minecraft:iron_bars":1,"minecraft:stone_sword":195,"minecraft:acacia_log":1,"minecraft:cracked_deepslate_bricks":1,"minecraft:tropical_fish":2,"minecraft:iron_sword":112,"minecraft:rotten_flesh":8,"minecraft:torch":10,"minecraft:dirt":33,"minecraft:anvil":1,"minecraft:spruce_fence":1,"minecraft:light_gray_wool":2,"minecraft:hay_block":3,"minecraft:furnace":3,"minecraft:cooked_beef":9,"minecraft:cobbled_deepslate":56,"minecraft:enchanted_golden_apple":1,"minecraft:cooked_mutton":14,"minecraft:stone_pickaxe":91,"minecraft:oak_planks":1,"minecraft:ender_pearl":1,"minecraft:wooden_pickaxe":10,"paladins:diamond_claymore":36,"minecraft:deepslate_bricks":5,"minecraft:white_wool":10,"minecraft:crafting_table":6,"minecraft:deepslate_brick_stairs":1,"minecraft:deepslate_tiles":4,"minecraft:bread":64,"minecraft:iron_pickaxe":379,"minecraft:stone_axe":59,"minecraft:diamond_sword":208,"minecraft:cobblestone":118,"minecraft:cooked_porkchop":3,"minecraft:andesite":23},"minecraft:custom":{"minecraft:interact_with_anvil":4,"minecraft:mob_kills":103,"minecraft:interact_with_crafting_table":27,"minecraft:open_barrel":16,"minecraft:leave_game":7,"minecraft:damage_resisted":32,"minecraft:time_since_death":174988,"minecraft:climb_one_cm":4597,"minecraft:sprint_one_cm":588249,"minecraft:walk_one_cm":903389,"minecraft:drop":83,"minecraft:play_noteblock":1,"minecraft:play_time":301754,"minecraft:deaths":8,"minecraft:sneak_time":1380,"minecraft:walk_under_water_one_cm":10194,"minecraft:interact_with_brewingstand":2,"minecraft:jump":4791,"minecraft:walk_on_water_one_cm":36165,"minecraft:total_world_time":301754,"minecraft:interact_with_furnace":22,"minecraft:tune_noteblock":1,"minecraft:interact_with_loom":1,"minecraft:sleep_in_bed":9,"minecraft:time_since_rest":16380,"minecraft:damage_taken":6746,"minecraft:damage_absorbed":136,"minecraft:damage_dealt":31047,"minecraft:swim_one_cm":41111,"minecraft:fly_one_cm":743254,"minecraft:open_chest":122,"minecraft:crouch_one_cm":634,"minecraft:fall_one_cm":119691},"minecraft:killed_by":{"minecraft:creeper":1,"minecraft:vindicator":1,"minecraft:skeleton":4,"minecraft:zombie":1},"minecraft:dropped":{"minecraft:enchanted_book":20,"minecraft:iron_ingot":56,"minecraft:bread":2,"minecraft:cooked_beef":1,"minecraft:glow_ink_sac":7,"minecraft:ender_pearl":11,"minecraft:diamond":3,"minecraft:crafting_table":1,"minecraft:cooked_porkchop":3,"minecraft:cobblestone":4,"minecraft:book":1,"minecraft:copper_ingot":16,"minecraft:tropical_fish":2,"minecraft:dragon_breath":2,"graveyard:corruption":26,"minecraft:coal":6,"minecraft:spruce_fence_gate":1,"minecraft:emerald":70,"minecraft:dirt":1,"minecraft:netherite_scrap":1,"minecraft:iron_axe":1,"paladins:diamond_claymore":1,"graveyard:soul_fire_brazier":2,"minecraft:string":8,"minecraft:oxidized_copper":22,"minecraft:gold_ingot":14,"minecraft:bone":104,"minecraft:furnace":1,"minecraft:experience_bottle":16,"minecraft:raw_iron":84,"graveyard:dark_iron_ingot":24,"minecraft:rotten_flesh":2,"minecraft:wither_skeleton_skull":1,"minecraft:enchanted_golden_apple":1,"minecraft:polished_deepslate_stairs":2,"minecraft:carrot":3,"minecraft:diamond_sword":1,"jewelry:tanzanite":1,"minecraft:allium":1,"minecraft:iron_bars":1,"graveyard:light_gray_urn":1,"minecraft:raw_gold":30},"minecraft:crafted":{"jewelry:emerald_necklace":1,"minecraft:furnace":3,"jewelry:diamond_necklace":1,"minecraft:iron_boots":1,"minecraft:stone_pickaxe":3,"paladins:diamond_claymore":1,"minecraft:wheat":27,"minecraft:cooked_beef":12,"minecraft:diamond_sword":2,"minecraft:crafting_table":4,"minecraft:wooden_pickaxe":1,"minecraft:iron_helmet":1,"minecraft:iron_sword":1,"minecraft:birch_planks":100,"minecraft:stone_axe":3,"minecraft:bread":8,"jewelry:iron_ring":1,"minecraft:iron_chestplate":1,"minecraft:shield":1,"minecraft:stick":24,"minecraft:iron_ingot":43,"minecraft:iron_pickaxe":1,"minecraft:iron_block":3,"minecraft:stone_sword":3,"minecraft:iron_leggings":1,"minecraft:anvil":1,"minecraft:acacia_planks":12},"minecraft:picked_up":{"minecraft:chiseled_deepslate":1,"minecraft:crafting_table":6,"minecraft:allium":1,"minecraft:wheat":2,"minecraft:clay_ball":28,"minecraft:enchanted_book":1,"minecraft:string":45,"minecraft:moss_carpet":1,"minecraft:raw_copper":4,"minecraft:netherite_scrap":1,"minecraft:experience_bottle":8,"graveyard:corruption":25,"minecraft:deepslate_tiles":6,"minecraft:cobbled_deepslate":109,"minecraft:beef":7,"minecraft:white_tulip":3,"minecraft:azalea":1,"minecraft:poppy":1,"minecraft:iron_pickaxe":2,"minecraft:light_gray_wool":1,"minecraft:melon_slice":33,"minecraft:birch_sapling":6,"minecraft:furnace":3,"paladins:diamond_claymore":1,"minecraft:stick":35,"minecraft:raw_iron":44,"minecraft:polished_deepslate_slab":1,"minecraft:polished_deepslate_stairs":2,"minecraft:torch":11,"minecraft:acacia_log":4,"minecraft:spruce_fence":1,"minecraft:porkchop":11,"fwaystones:waystone":1,"supplementaries:key":1,"minecraft:carrot":11,"minecraft:redstone":10,"minecraft:deepslate_tile_stairs":1,"minecraft:arrow":1,"minecraft:rotten_flesh":28,"minecraft:tropical_fish":5,"minecraft:deepslate_bricks":9,"minecraft:hay_block":10,"minecraft:cracked_deepslate_bricks":2,"minecraft:gold_ingot":2,"supplementaries:ash":5,"minecraft:deepslate_brick_stairs":1,"minecraft:skeleton_skull":1,"minecraft:mutton":15,"minecraft:iron_bars":3,"minecraft:white_wool":10,"minecraft:cobblestone":174,"minecraft:cracked_deepslate_tiles":1,"minecraft:birch_log":26,"minecraft:magma_block":1,"minecraft:cooked_beef":4,"minecraft:glow_ink_sac":15,"minecraft:andesite":23,"minecraft:leather":8,"minecraft:cut_sandstone":3,"minecraft:birch_planks":12,"minecraft:flint":2,"supplementaries:flax_seeds":1,"minecraft:wither_skeleton_skull":1,"minecraft:dirt":69,"minecraft:lantern":2,"minecraft:cooked_mutton":14,"culturaldelights:glow_squid":7,"jewelry:tanzanite":1,"minecraft:bone":17,"minecraft:bow":1,"minecraft:wheat_seeds":9,"minecraft:orange_tulip":3,"minecraft:cobbled_deepslate_slab":1,"minecraft:iron_ingot":46,"minecraft:cobweb":16,"minecraft:cyan_candle":4,"minecraft:bamboo":4,"minecraft:moss_block":3,"minecraft:oak_planks":1,"minecraft:book":62,"minecraft:cooked_porkchop":6,"minecraft:gravel":5,"minecraft:sand":7,"minecraft:green_carpet":2,"minecraft:spider_eye":7,"minecraft:spruce_fence_gate":2,"minecraft:slime_ball":1,"minecraft:diamond":21,"minecraft:spruce_sign":1,"minecraft:bread":58,"minecraft:coal":9,"minecraft:ender_pearl":2}},"DataVersion":3465}