{"stats":{"minecraft:mined":{"minecraft:cut_sandstone":3,"minecraft:deepslate_diamond_ore":5,"minecraft:sculk_vein":1,"minecraft:soul_fire":2,"farmersdelight:wild_carrots":10,"minecraft:clay":8,"minecraft:crafting_table":4,"minecraft:torch":1,"minecraft:acacia_log":4,"minecraft:grass_block":9,"minecraft:melon":6,"minecraft:redstone_wire":10,"minecraft:tall_grass":2,"minecraft:cobblestone":3,"minecraft:moss_block":3,"minecraft:hay_block":7,"minecraft:magma_block":1,"minecraft:sculk_catalyst":1,"minecraft:furnace":2,"minecraft:birch_log":26,"minecraft:suspicious_sand":2,"minecraft:birch_leaves":3,"minecraft:moss_carpet":1,"minecraft:grass":5,"minecraft:bookshelf":20,"minecraft:cave_vines":1,"minecraft:deepslate_iron_ore":3,"minecraft:sand":6,"minecraft:dirt":19,"minecraft:cobweb":1,"minecraft:bamboo":2,"minecraft:stone":134,"minecraft:oak_leaves":1,"minecraft:deepslate":41},"minecraft:used":{"minecraft:stone_sword":94,"minecraft:acacia_log":1,"minecraft:tropical_fish":2,"minecraft:stone_pickaxe":90,"minecraft:wooden_pickaxe":10,"minecraft:rotten_flesh":5,"minecraft:dirt":14,"minecraft:crafting_table":4,"minecraft:bread":6,"minecraft:iron_pickaxe":103,"minecraft:stone_axe":51,"minecraft:cobblestone":92,"minecraft:furnace":2,"minecraft:cooked_porkchop":1,"minecraft:cooked_beef":3,"minecraft:cobbled_deepslate":1},"minecraft:picked_up":{"minecraft:birch_log":26,"minecraft:wheat":2,"minecraft:crafting_table":4,"minecraft:magma_block":1,"minecraft:allium":1,"minecraft:cooked_beef":3,"minecraft:clay_ball":28,"minecraft:glow_ink_sac":1,"minecraft:cut_sandstone":3,"minecraft:leather":3,"minecraft:birch_planks":6,"minecraft:moss_carpet":1,"minecraft:dirt":49,"minecraft:string":3,"minecraft:lantern":2,"culturaldelights:glow_squid":2,"minecraft:orange_tulip":3,"minecraft:wheat_seeds":7,"minecraft:cobbled_deepslate":40,"minecraft:iron_ingot":6,"minecraft:beef":7,"minecraft:azalea":1,"minecraft:poppy":1,"minecraft:light_gray_wool":1,"minecraft:bamboo":4,"minecraft:moss_block":3,"minecraft:melon_slice":33,"minecraft:birch_sapling":6,"minecraft:furnace":2,"minecraft:book":60,"minecraft:raw_iron":3,"minecraft:stick":12,"minecraft:cooked_porkchop":6,"minecraft:torch":1,"minecraft:acacia_log":4,"minecraft:sand":7,"minecraft:carrot":10,"minecraft:redstone":10,"minecraft:green_carpet":1,"minecraft:rotten_flesh":7,"minecraft:diamond":5,"minecraft:tropical_fish":5,"minecraft:hay_block":7,"minecraft:bread":25,"supplementaries:ash":3,"minecraft:mutton":15,"minecraft:white_wool":10,"minecraft:cobblestone":137},"minecraft:crafted":{"minecraft:cooked_beef":4,"minecraft:crafting_table":3,"minecraft:wooden_pickaxe":1,"minecraft:furnace":2,"minecraft:birch_planks":100,"minecraft:stone_axe":3,"minecraft:stick":24,"minecraft:iron_ingot":3,"minecraft:iron_pickaxe":1,"minecraft:stone_pickaxe":3,"minecraft:stone_sword":3,"minecraft:acacia_planks":12},"minecraft:killed":{"minecraft:spider":1,"minecraft:iron_golem":1,"minecraft:sheep":11,"naturalist:coral_snake":1,"minecraft:zombie":4,"minecraft:drowned":1,"minecraft:cow":4},"minecraft:dropped":{"minecraft:tropical_fish":2,"minecraft:carrot":3,"minecraft:dirt":1,"minecraft:allium":1},"minecraft:killed_by":{"minecraft:vindicator":1,"minecraft:skeleton":3,"minecraft:creeper":1,"minecraft:zombie":1},"minecraft:custom":{"minecraft:interact_with_furnace":9,"minecraft:mob_kills":23,"minecraft:tune_noteblock":1,"minecraft:interact_with_crafting_table":7,"minecraft:leave_game":6,"minecraft:sleep_in_bed":2,"minecraft:time_since_death":18882,"minecraft:climb_one_cm":1150,"minecraft:time_since_rest":989,"minecraft:sprint_one_cm":250390,"minecraft:damage_taken":2528,"minecraft:walk_one_cm":349518,"minecraft:drop":7,"minecraft:damage_dealt":5379,"minecraft:play_noteblock":1,"minecraft:swim_one_cm":40071,"minecraft:fly_one_cm":296569,"minecraft:open_chest":10,"minecraft:crouch_one_cm":477,"minecraft:play_time":109934,"minecraft:deaths":7,"minecraft:sneak_time":122,"minecraft:walk_under_water_one_cm":8133,"minecraft:jump":2100,"minecraft:walk_on_water_one_cm":30321,"minecraft:total_world_time":109934,"minecraft:fall_one_cm":61884}},"DataVersion":3465}