{"stats":{"minecraft:custom":{"minecraft:interact_with_furnace":6,"minecraft:mob_kills":10,"minecraft:interact_with_crafting_table":3,"minecraft:leave_game":3,"minecraft:time_since_death":2617,"minecraft:climb_one_cm":522,"minecraft:time_since_rest":2666,"minecraft:sprint_one_cm":127812,"minecraft:damage_taken":1052,"minecraft:walk_one_cm":134990,"minecraft:drop":4,"minecraft:damage_dealt":2404,"minecraft:swim_one_cm":14125,"minecraft:fly_one_cm":108513,"minecraft:open_chest":5,"minecraft:crouch_one_cm":271,"minecraft:play_time":49616,"minecraft:deaths":3,"minecraft:sneak_time":27,"minecraft:walk_under_water_one_cm":1406,"minecraft:jump":788,"minecraft:walk_on_water_one_cm":5553,"minecraft:total_world_time":49616,"minecraft:fall_one_cm":22437},"minecraft:picked_up":{"minecraft:birch_log":23,"minecraft:magma_block":1,"minecraft:crafting_table":1,"minecraft:cooked_beef":3,"minecraft:leather":3,"minecraft:cut_sandstone":3,"minecraft:birch_planks":6,"minecraft:string":3,"minecraft:dirt":37,"minecraft:lantern":2,"minecraft:wheat_seeds":1,"minecraft:iron_ingot":5,"minecraft:beef":7,"minecraft:poppy":1,"minecraft:light_gray_wool":1,"minecraft:bamboo":4,"minecraft:moss_block":1,"minecraft:melon_slice":33,"minecraft:birch_sapling":5,"minecraft:furnace":1,"minecraft:book":60,"minecraft:stick":10,"minecraft:sand":7,"minecraft:carrot":10,"minecraft:redstone":10,"minecraft:rotten_flesh":2,"minecraft:hay_block":4,"minecraft:mutton":1,"minecraft:cobblestone":23},"minecraft:crafted":{"minecraft:cooked_beef":4,"minecraft:crafting_table":1,"minecraft:wooden_pickaxe":1,"minecraft:furnace":1,"minecraft:birch_planks":88,"minecraft:stone_axe":1,"minecraft:stick":12,"minecraft:stone_pickaxe":1,"minecraft:stone_sword":1},"minecraft:killed":{"minecraft:spider":1,"minecraft:iron_golem":1,"minecraft:sheep":1,"naturalist:coral_snake":1,"minecraft:zombie":1,"minecraft:drowned":1,"minecraft:cow":4},"minecraft:mined":{"minecraft:cut_sandstone":3,"farmersdelight:wild_carrots":10,"minecraft:crafting_table":1,"minecraft:grass_block":8,"minecraft:melon":6,"minecraft:redstone_wire":10,"minecraft:moss_block":1,"minecraft:hay_block":4,"minecraft:magma_block":1,"minecraft:furnace":1,"minecraft:birch_log":23,"minecraft:suspicious_sand":2,"minecraft:birch_leaves":3,"minecraft:grass":3,"minecraft:bookshelf":20,"minecraft:sand":6,"minecraft:dirt":8,"minecraft:cobweb":1,"minecraft:bamboo":2,"minecraft:stone":23,"minecraft:oak_leaves":1},"minecraft:used":{"minecraft:stone_sword":36,"minecraft:stone_pickaxe":25,"minecraft:wooden_pickaxe":10,"minecraft:dirt":7,"minecraft:crafting_table":1,"minecraft:stone_axe":43,"minecraft:furnace":1,"minecraft:cooked_beef":3},"minecraft:killed_by":{"minecraft:vindicator":1,"minecraft:creeper":1},"minecraft:dropped":{"minecraft:carrot":3,"minecraft:dirt":1}},"DataVersion":3465}