{"stats":{"minecraft:mined":{"minecraft:cut_sandstone":3,"minecraft:deepslate_diamond_ore":2,"farmersdelight:wild_carrots":10,"minecraft:clay":8,"minecraft:crafting_table":3,"minecraft:grass_block":9,"minecraft:melon":6,"minecraft:redstone_wire":10,"minecraft:cobblestone":3,"minecraft:tall_grass":1,"minecraft:moss_block":3,"minecraft:hay_block":4,"minecraft:magma_block":1,"minecraft:furnace":2,"minecraft:birch_log":26,"minecraft:suspicious_sand":2,"minecraft:birch_leaves":3,"minecraft:moss_carpet":1,"minecraft:grass":4,"minecraft:bookshelf":20,"minecraft:cave_vines":1,"minecraft:deepslate_iron_ore":3,"minecraft:sand":6,"minecraft:dirt":19,"minecraft:cobweb":1,"minecraft:bamboo":2,"minecraft:stone":124,"minecraft:oak_leaves":1,"minecraft:deepslate":34},"minecraft:killed":{"minecraft:spider":1,"minecraft:iron_golem":1,"minecraft:sheep":1,"naturalist:coral_snake":1,"minecraft:zombie":4,"minecraft:drowned":1,"minecraft:cow":4},"minecraft:custom":{"minecraft:interact_with_furnace":9,"minecraft:mob_kills":13,"minecraft:interact_with_crafting_table":6,"minecraft:leave_game":4,"minecraft:time_since_death":22028,"minecraft:climb_one_cm":876,"minecraft:time_since_rest":22062,"minecraft:sprint_one_cm":157303,"minecraft:damage_taken":1577,"minecraft:walk_one_cm":187558,"minecraft:drop":4,"minecraft:damage_dealt":3644,"minecraft:swim_one_cm":17524,"minecraft:fly_one_cm":143308,"minecraft:open_chest":5,"minecraft:crouch_one_cm":409,"minecraft:play_time":74430,"minecraft:deaths":4,"minecraft:sneak_time":89,"minecraft:walk_under_water_one_cm":4438,"minecraft:jump":1210,"minecraft:walk_on_water_one_cm":11407,"minecraft:total_world_time":74430,"minecraft:fall_one_cm":37435},"minecraft:dropped":{"minecraft:carrot":3,"minecraft:dirt":1},"minecraft:picked_up":{"minecraft:birch_log":26,"minecraft:magma_block":1,"minecraft:crafting_table":3,"minecraft:cooked_beef":3,"minecraft:clay_ball":28,"minecraft:leather":3,"minecraft:cut_sandstone":3,"minecraft:birch_planks":6,"minecraft:string":3,"minecraft:dirt":49,"minecraft:moss_carpet":1,"minecraft:lantern":2,"minecraft:wheat_seeds":1,"minecraft:cobbled_deepslate":33,"minecraft:beef":7,"minecraft:iron_ingot":6,"minecraft:poppy":1,"minecraft:light_gray_wool":1,"minecraft:bamboo":4,"minecraft:moss_block":3,"minecraft:melon_slice":33,"minecraft:birch_sapling":5,"minecraft:furnace":2,"minecraft:book":60,"minecraft:raw_iron":3,"minecraft:stick":10,"minecraft:sand":7,"minecraft:carrot":10,"minecraft:redstone":10,"minecraft:rotten_flesh":7,"minecraft:diamond":2,"minecraft:tropical_fish":4,"minecraft:hay_block":4,"minecraft:mutton":1,"minecraft:cobblestone":127},"minecraft:crafted":{"minecraft:cooked_beef":4,"minecraft:crafting_table":2,"minecraft:wooden_pickaxe":1,"minecraft:furnace":2,"minecraft:birch_planks":100,"minecraft:stone_axe":2,"minecraft:stick":20,"minecraft:iron_ingot":3,"minecraft:iron_pickaxe":1,"minecraft:stone_pickaxe":2,"minecraft:stone_sword":2},"minecraft:killed_by":{"minecraft:vindicator":1,"minecraft:skeleton":1,"minecraft:creeper":1},"minecraft:used":{"minecraft:stone_sword":58,"minecraft:tropical_fish":2,"minecraft:stone_pickaxe":88,"minecraft:wooden_pickaxe":10,"minecraft:rotten_flesh":5,"minecraft:dirt":7,"minecraft:crafting_table":3,"minecraft:iron_pickaxe":90,"minecraft:stone_axe":47,"minecraft:cobblestone":75,"minecraft:furnace":2,"minecraft:cooked_beef":3,"minecraft:cobbled_deepslate":1}},"DataVersion":3465}