{"stats":{"minecraft:used":{"minecraft:stone_sword":30,"minecraft:stone_pickaxe":25,"minecraft:wooden_pickaxe":10,"minecraft:stone_axe":43,"minecraft:dirt":7,"minecraft:crafting_table":1,"minecraft:furnace":1,"minecraft:cooked_beef":2},"minecraft:picked_up":{"minecraft:book":60,"minecraft:birch_log":23,"minecraft:magma_block":1,"minecraft:stick":10,"minecraft:crafting_table":1,"minecraft:cooked_beef":3,"minecraft:cut_sandstone":3,"minecraft:leather":3,"minecraft:birch_planks":6,"minecraft:sand":7,"minecraft:carrot":10,"minecraft:redstone":10,"minecraft:dirt":35,"minecraft:string":3,"minecraft:lantern":2,"minecraft:rotten_flesh":2,"minecraft:wheat_seeds":1,"minecraft:beef":7,"minecraft:bamboo":4,"minecraft:moss_block":1,"minecraft:birch_sapling":5,"minecraft:furnace":1,"minecraft:cobblestone":23},"minecraft:killed_by":{"minecraft:creeper":1},"minecraft:dropped":{"minecraft:dirt":1,"minecraft:carrot":3},"minecraft:custom":{"minecraft:time_since_rest":15307,"minecraft:interact_with_furnace":6,"minecraft:sprint_one_cm":74838,"minecraft:damage_taken":399,"minecraft:walk_one_cm":88554,"minecraft:mob_kills":6,"minecraft:drop":4,"minecraft:damage_dealt":1448,"minecraft:swim_one_cm":4571,"minecraft:interact_with_crafting_table":3,"minecraft:fly_one_cm":67684,"minecraft:open_chest":4,"minecraft:crouch_one_cm":271,"minecraft:play_time":38187,"minecraft:deaths":1,"minecraft:sneak_time":27,"minecraft:walk_under_water_one_cm":895,"minecraft:jump":442,"minecraft:leave_game":1,"minecraft:walk_on_water_one_cm":3476,"minecraft:time_since_death":15276,"minecraft:climb_one_cm":51,"minecraft:total_world_time":38187,"minecraft:fall_one_cm":12447},"minecraft:killed":{"minecraft:spider":1,"minecraft:drowned":1,"minecraft:cow":4},"minecraft:crafted":{"minecraft:crafting_table":1,"minecraft:stick":12,"minecraft:wooden_pickaxe":1,"minecraft:stone_pickaxe":1,"minecraft:stone_sword":1,"minecraft:furnace":1,"minecraft:birch_planks":88,"minecraft:stone_axe":1,"minecraft:cooked_beef":4},"minecraft:mined":{"minecraft:cut_sandstone":3,"minecraft:magma_block":1,"minecraft:furnace":1,"minecraft:birch_log":23,"farmersdelight:wild_carrots":10,"minecraft:suspicious_sand":2,"minecraft:birch_leaves":3,"minecraft:crafting_table":1,"minecraft:grass":2,"minecraft:bookshelf":20,"minecraft:grass_block":7,"minecraft:sand":6,"minecraft:redstone_wire":10,"minecraft:dirt":7,"minecraft:cobweb":1,"minecraft:bamboo":2,"minecraft:moss_block":1,"minecraft:stone":23,"minecraft:oak_leaves":1}},"DataVersion":3465}