{"stats":{"minecraft:mined":{"minecraft:tuff":15,"minecraft:scaffolding":1,"minecraft:glass_pane":1,"minecraft:white_bed":1,"ecologics:coconut_planks":4,"minecraft:dark_oak_leaves":1,"minecraft:melon_stem":2,"minecells:putrid_planks":1,"minecraft:brewing_stand":1,"minecraft:crafting_table":4,"minecraft:glow_lichen":2,"minecraft:cave_vines_plant":2,"minecraft:cobbled_deepslate_slab":3,"minecraft:grass_block":11,"minecraft:campfire":2,"minecraft:stone_slab":1,"minecraft:copper_ore":24,"minecraft:cobblestone":1,"ecologics:coconut_log":2,"minecraft:sugar_cane":4,"minecraft:oak_planks":2,"minecraft:blue_bed":2,"minecraft:spawner":1,"minecraft:hay_block":5,"minecraft:furnace":1,"ecologics:seashell":1,"minecraft:birch_log":10,"minecraft:iron_ore":28,"minecraft:wheat":142,"minecraft:lilac":2,"minecraft:birch_leaves":5,"minecraft:andesite":39,"minecraft:pumpkin":1,"minecraft:bell":1,"minecraft:grass":20,"minecraft:bookshelf":9,"minecraft:oak_log":9,"minecraft:coal_ore":28,"minecraft:polished_deepslate_slab":3,"minecraft:cobweb":1,"minecraft:gravel":3,"minecraft:dirt":30,"minecraft:green_carpet":1,"minecraft:azalea_leaves":1,"villagersplus:occultist_table":1,"minecraft:stone":191,"minecraft:small_dripleaf":1,"minecraft:fern":1,"minecraft:green_bed":1},"minecraft:picked_up":{"minecraft:birch_log":7,"minecraft:wheat":115,"minecraft:charcoal":4,"minecraft:crafting_table":4,"minecraft:lilac":1,"minecraft:andesite":39,"ecologics:coconut_planks":4,"minecraft:leather":3,"minecraft:stone_slab":1,"ecologics:seashell":1,"minecraft:tuff":15,"minecraft:oak_log":9,"minecraft:brewing_stand":1,"minecraft:string":1,"minecraft:blue_bed":2,"minecraft:dirt":40,"minecraft:raw_copper":83,"minecraft:bone":3,"minecraft:bow":1,"minecraft:wheat_seeds":311,"minecraft:cobbled_deepslate_slab":2,"minecraft:bell":1,"minecraft:white_tulip":1,"minecraft:beef":8,"minecraft:stone_pickaxe":1,"minecraft:iron_ingot":8,"minecraft:rabbit":3,"minecraft:sugar_cane":9,"minecraft:oak_planks":1,"minecraft:scaffolding":1,"minecraft:furnace":1,"minecraft:book":27,"minecraft:raw_iron":28,"minecraft:pumpkin":1,"minecraft:big_dripleaf":2,"minecraft:green_bed":1,"minecraft:gravel":3,"minecraft:porkchop":30,"fwaystones:waystone":1,"minecraft:white_bed":1,"minecraft:arrow":8,"minecraft:rotten_flesh":7,"villagersplus:occultist_table":1,"minecraft:hay_block":5,"minecraft:iron_helmet":1,"ecologics:coconut_log":1,"minecraft:bread":64,"minecraft:melon_seeds":1,"minecraft:mutton":1,"minecraft:coal":44,"minecraft:white_wool":1,"minecraft:cobblestone":176},"minecraft:used":{"fwaystones:waystone":1,"minecraft:birch_planks":9,"minecraft:stone_pickaxe":131,"minecraft:oak_planks":5,"minecraft:iron_sword":203,"minecraft:blue_bed":1,"ecologics:coconut_planks":6,"minecraft:rotten_flesh":1,"minecraft:iron_chestplate":1,"minecraft:dirt":2,"minecraft:crafting_table":6,"minecraft:tuff":11,"minecraft:oak_log":1,"minecraft:bread":16,"minecraft:iron_pickaxe":206,"minecraft:iron_helmet":2,"minecraft:iron_boots":2,"minecraft:wooden_sword":27,"minecraft:cobblestone":52,"minecraft:cooked_porkchop":6,"minecraft:furnace":2,"minecraft:iron_leggings":2},"minecraft:crafted":{"minecraft:wooden_sword":1,"minecraft:oak_planks":32,"minecraft:cooked_porkchop":11,"minecraft:crafting_table":3,"ecologics:coconut_planks":4,"minecraft:iron_sword":1,"minecraft:furnace":2,"minecraft:birch_planks":28,"minecraft:air":0,"minecraft:iron_boots":1,"minecraft:iron_chestplate":1,"minecraft:stick":20,"minecraft:iron_ingot":21,"minecraft:iron_pickaxe":1,"minecraft:stone_pickaxe":1,"minecraft:stone_sword":1,"minecraft:iron_leggings":1},"minecraft:killed":{"minecraft:pig":15,"minecraft:spider":2,"naturalist:snail":1,"minecraft:sheep":1,"minecraft:skeleton":8,"minecraft:zombie":6,"minecraft:cow":6},"minecraft:dropped":{"minecraft:iron_ingot":4,"minecraft:bread":25,"minecraft:stone_sword":1,"minecraft:green_bed":1,"minecraft:charcoal":4,"minecraft:melon_seeds":1,"minecraft:stone_pickaxe":1,"minecraft:water_bucket":2},"minecraft:killed_by":{"minecraft:skeleton":1,"minecraft:zombie":1},"minecraft:broken":{"minecraft:stone_pickaxe":1},"minecraft:custom":{"minecraft:interact_with_furnace":38,"minecraft:mob_kills":40,"minecraft:interact_with_crafting_table":35,"minecraft:interact_with_loom":1,"minecraft:leave_game":3,"minecraft:time_since_death":44420,"minecraft:sleep_in_bed":3,"minecraft:climb_one_cm":23534,"minecraft:time_since_rest":1052,"minecraft:sprint_one_cm":151372,"minecraft:damage_taken":1382,"minecraft:walk_one_cm":315954,"minecraft:drop":33,"minecraft:damage_dealt":9947,"minecraft:swim_one_cm":13141,"minecraft:talked_to_villager":38,"minecraft:fly_one_cm":341015,"minecraft:open_chest":29,"minecraft:crouch_one_cm":6991,"minecraft:play_time":103255,"minecraft:deaths":2,"minecraft:sneak_time":2690,"minecraft:walk_under_water_one_cm":8450,"minecraft:jump":1621,"minecraft:interact_with_blast_furnace":1,"minecraft:walk_on_water_one_cm":35612,"minecraft:total_world_time":103255,"minecraft:fall_one_cm":31800}},"DataVersion":3465}