{"stats":{"minecraft:mined":{"ecologics:coconut_planks":4,"minecells:putrid_planks":1,"minecraft:brewing_stand":1,"minecraft:crafting_table":2,"minecraft:glow_lichen":2,"minecraft:cave_vines_plant":2,"minecraft:grass_block":1,"minecraft:stone_slab":1,"minecraft:cobblestone":1,"minecraft:copper_ore":24,"ecologics:coconut_log":2,"minecraft:blue_bed":2,"ecologics:seashell":1,"minecraft:birch_log":10,"minecraft:iron_ore":28,"minecraft:lilac":2,"minecraft:andesite":39,"minecraft:grass":7,"minecraft:bookshelf":5,"minecraft:oak_log":1,"minecraft:coal_ore":28,"minecraft:gravel":3,"minecraft:dirt":10,"minecraft:stone":172,"minecraft:small_dripleaf":1,"minecraft:green_bed":1},"minecraft:killed":{"minecraft:skeleton":3,"minecraft:zombie":1},"minecraft:custom":{"minecraft:interact_with_furnace":23,"minecraft:mob_kills":5,"minecraft:interact_with_crafting_table":22,"minecraft:interact_with_loom":1,"minecraft:leave_game":1,"minecraft:time_since_death":9536,"minecraft:sleep_in_bed":2,"minecraft:climb_one_cm":1130,"minecraft:time_since_rest":9593,"minecraft:sprint_one_cm":82051,"minecraft:damage_taken":962,"minecraft:walk_one_cm":188990,"minecraft:drop":4,"minecraft:damage_dealt":2175,"minecraft:swim_one_cm":13141,"minecraft:talked_to_villager":35,"minecraft:fly_one_cm":134295,"minecraft:open_chest":7,"minecraft:crouch_one_cm":6547,"minecraft:play_time":68371,"minecraft:deaths":2,"minecraft:sneak_time":2282,"minecraft:walk_under_water_one_cm":4670,"minecraft:jump":836,"minecraft:walk_on_water_one_cm":25797,"minecraft:total_world_time":68371,"minecraft:fall_one_cm":16403},"minecraft:dropped":{"minecraft:iron_ingot":4,"minecraft:stone_sword":1,"minecraft:green_bed":1,"minecraft:stone_pickaxe":1},"minecraft:picked_up":{"minecraft:birch_log":7,"minecraft:crafting_table":2,"minecraft:lilac":1,"minecraft:andesite":39,"ecologics:coconut_planks":4,"minecraft:stone_slab":1,"ecologics:seashell":1,"minecraft:oak_log":1,"minecraft:brewing_stand":1,"minecraft:blue_bed":2,"minecraft:dirt":11,"minecraft:raw_copper":83,"minecraft:bone":2,"minecraft:bow":1,"minecraft:iron_ingot":8,"minecraft:stone_pickaxe":1,"minecraft:book":15,"minecraft:raw_iron":28,"minecraft:big_dripleaf":2,"minecraft:green_bed":1,"minecraft:gravel":3,"fwaystones:waystone":1,"minecraft:arrow":2,"minecraft:rotten_flesh":1,"minecraft:iron_helmet":1,"ecologics:coconut_log":1,"minecraft:coal":27,"minecraft:cobblestone":161},"minecraft:broken":{"minecraft:stone_pickaxe":1},"minecraft:crafted":{"minecraft:wooden_sword":1,"minecraft:crafting_table":2,"ecologics:coconut_planks":4,"minecraft:iron_sword":1,"minecraft:furnace":1,"minecraft:birch_planks":28,"minecraft:air":0,"minecraft:iron_boots":1,"minecraft:iron_chestplate":1,"minecraft:stick":16,"minecraft:iron_ingot":21,"minecraft:iron_pickaxe":1,"minecraft:stone_pickaxe":1,"minecraft:stone_sword":1,"minecraft:iron_leggings":1},"minecraft:killed_by":{"minecraft:skeleton":1,"minecraft:zombie":1},"minecraft:used":{"minecraft:birch_planks":9,"minecraft:stone_pickaxe":131,"minecraft:iron_sword":24,"ecologics:coconut_planks":6,"minecraft:blue_bed":1,"minecraft:rotten_flesh":1,"minecraft:iron_chestplate":1,"minecraft:dirt":2,"minecraft:crafting_table":3,"minecraft:oak_log":1,"minecraft:bread":6,"minecraft:iron_pickaxe":87,"minecraft:iron_helmet":2,"minecraft:iron_boots":2,"minecraft:wooden_sword":27,"minecraft:cobblestone":52,"minecraft:furnace":1,"minecraft:iron_leggings":2}},"DataVersion":3465}