{"stats":{"minecraft:killed":{"graveyard:corrupted_vindicator":14,"minecraft:spider":4,"graveyard:wraith":29,"naturalist:snail":1,"minecraft:skeleton":12,"graveyard:acolyte":8,"minecraft:pig":15,"minecraft:sheep":1,"minecraft:zombie":22,"graveyard:corrupted_pillager":13,"minecraft:enderman":1,"minecraft:cow":6},"minecraft:mined":{"minecraft:infested_deepslate":1,"minecraft:tuff":18,"minecraft:white_bed":1,"ecologics:coconut_planks":4,"minecraft:dark_oak_leaves":1,"graveyard:gray_urn":1,"graveyard:candle_holder":1,"minecraft:brewing_stand":1,"minecraft:spruce_trapdoor":1,"minecraft:obsidian":2,"minecraft:glow_lichen":2,"minecraft:cave_vines_plant":2,"minecraft:cobbled_deepslate_slab":3,"minecraft:allium":1,"minecraft:grass_block":12,"graveyard:dark_iron_door":2,"minecraft:deepslate_bricks":1,"minecraft:deepslate_tile_stairs":1,"ecologics:coconut_log":2,"minecraft:spawner":5,"minecraft:hay_block":18,"graveyard:soul_fire_brazier":2,"minecraft:furnace":1,"minecraft:iron_ore":31,"graveyard:leaning_wither_skeleton":1,"minecraft:andesite":43,"minecraft:chiseled_deepslate":1,"minecraft:pumpkin":1,"minecraft:bell":1,"minecraft:oak_sign":2,"minecraft:bookshelf":23,"minecraft:pointed_dripstone":1,"minecraft:polished_deepslate_slab":5,"minecraft:deepslate_iron_ore":16,"minecraft:iron_bars":5,"minecraft:green_carpet":1,"minecraft:azalea_leaves":1,"minecraft:stone":216,"minecraft:white_wool":1,"minecraft:green_bed":1,"minecraft:potted_brown_mushroom":1,"graveyard:light_gray_urn":2,"minecraft:scaffolding":1,"minecraft:glass_pane":1,"minecraft:red_bed":2,"minecraft:melon_stem":2,"minecraft:polished_deepslate_stairs":7,"minecraft:deepslate_tile_slab":2,"minecraft:dandelion":1,"graveyard:small_light_gray_urn":5,"minecraft:crafting_table":5,"minecraft:chest":1,"minecraft:spruce_wall_sign":2,"minecraft:campfire":2,"minecraft:stone_slab":7,"minecraft:copper_ore":24,"minecraft:cobblestone":1,"minecraft:oak_planks":4,"minecraft:sugar_cane":4,"minecraft:cracked_deepslate_bricks":1,"minecraft:wall_torch":2,"minecraft:blue_bed":2,"minecraft:birch_planks":2,"graveyard:vase_block":13,"graveyard:skull_with_rib_cage":1,"ecologics:seashell":1,"spell_engine:spell_binding":1,"minecraft:birch_log":20,"minecraft:wheat":142,"minecraft:lilac":2,"minecraft:gray_bed":3,"minecraft:birch_leaves":6,"minecraft:orange_tulip":1,"minecraft:grass":26,"minecraft:cracked_deepslate_tiles":1,"minecraft:oak_log":9,"minecraft:coal_ore":46,"minecraft:gravel":13,"graveyard:leaning_skeleton":1,"minecraft:dirt":30,"minecraft:cobweb":20,"minecraft:wither_skeleton_skull":3,"villagersplus:occultist_table":1,"minecraft:spruce_fence_gate":1,"minecraft:small_dripleaf":1,"minecraft:deepslate":18,"minecraft:fern":2,"minecraft:deepslate_tiles":1},"minecraft:broken":{"minecraft:iron_boots":1,"minecraft:iron_leggings":1,"minecraft:stone_pickaxe":1,"minecraft:iron_sword":1,"minecraft:iron_pickaxe":1,"minecraft:iron_helmet":1},"minecraft:used":{"fwaystones:waystone":2,"minecraft:oak_sign":5,"minecraft:chest":9,"minecraft:iron_sword":461,"ecologics:coconut_planks":6,"minecraft:rotten_flesh":1,"minecraft:iron_chestplate":2,"minecraft:torch":19,"minecraft:dirt":15,"minecraft:tuff":12,"minecraft:iron_helmet":4,"minecraft:iron_boots":4,"minecraft:furnace":4,"minecraft:gray_bed":3,"minecraft:cooked_beef":5,"minecraft:iron_leggings":4,"minecraft:water_bucket":10,"minecraft:birch_planks":25,"minecraft:stone_pickaxe":131,"minecraft:oak_planks":79,"paladins:diamond_claymore":5,"minecraft:blue_bed":1,"graveyard:skull_with_rib_cage":1,"minecraft:crafting_table":12,"minecraft:book":10,"minecraft:oak_log":1,"minecraft:diamond_pickaxe":84,"minecraft:bread":66,"minecraft:iron_pickaxe":317,"minecraft:stone_slab":5,"minecraft:gravel":13,"minecraft:diamond_sword":307,"minecraft:wooden_sword":27,"minecraft:cobblestone":65,"minecraft:cooked_porkchop":30,"minecraft:bucket":10},"minecraft:custom":{"minecraft:interact_with_anvil":9,"minecraft:mob_kills":127,"minecraft:interact_with_crafting_table":70,"minecraft:open_barrel":18,"minecraft:leave_game":5,"minecraft:time_since_death":184541,"minecraft:climb_one_cm":30683,"minecraft:sprint_one_cm":401833,"minecraft:walk_one_cm":810220,"minecraft:drop":167,"minecraft:talked_to_villager":38,"minecraft:play_time":291920,"minecraft:sneak_time":9413,"minecraft:deaths":5,"minecraft:walk_under_water_one_cm":22263,"minecraft:interact_with_brewingstand":4,"minecraft:jump":4115,"minecraft:interact_with_blast_furnace":1,"minecraft:walk_on_water_one_cm":53987,"minecraft:total_world_time":291920,"minecraft:interact_with_furnace":82,"minecraft:interact_with_loom":1,"minecraft:interact_with_stonecutter":2,"minecraft:sleep_in_bed":11,"minecraft:time_since_rest":16295,"minecraft:damage_taken":6826,"minecraft:damage_dealt":39721,"minecraft:swim_one_cm":21822,"minecraft:fly_one_cm":760361,"minecraft:open_chest":189,"minecraft:crouch_one_cm":29780,"minecraft:fall_one_cm":90956},"minecraft:killed_by":{"minecraft:player":3,"minecraft:skeleton":1,"minecraft:zombie":1},"minecraft:dropped":{"minecraft:water_bucket":2,"minecraft:iron_ingot":16,"minecraft:bread":65,"minecraft:birch_planks":6,"minecraft:wheat_seeds":1,"minecraft:glow_ink_sac":8,"minecraft:ender_pearl":11,"minecraft:book":2,"minecraft:dragon_breath":1,"minecraft:emerald":47,"minecraft:deepslate_tile_stairs":2,"minecraft:stick":37,"minecraft:cobweb":16,"minecraft:dirt":7,"minecraft:red_bed":1,"minecraft:netherite_scrap":1,"minecraft:torch":10,"minecraft:cyan_candle":4,"minecraft:glistering_melon_slice":6,"minecraft:string":5,"minecraft:oxidized_copper":13,"minecraft:gold_ingot":12,"minecraft:bone":9,"supplementaries:key":1,"minecraft:stone_sword":1,"minecraft:green_bed":1,"minecraft:birch_sapling":3,"minecraft:pointed_dripstone":6,"minecraft:polished_deepslate_slab":1,"minecraft:wither_skeleton_skull":1,"minecraft:clay_ball":1,"minecraft:oak_planks":1,"minecraft:cooked_mutton":28,"minecraft:polished_deepslate_stairs":2,"minecraft:deepslate_tiles":1,"minecraft:allium":1,"minecraft:spruce_trapdoor":1,"minecraft:charcoal":4,"minecraft:melon_seeds":1,"minecraft:iron_bars":1,"graveyard:light_gray_urn":1,"minecraft:stone_pickaxe":1,"minecraft:raw_gold":30,"minecraft:enchanted_book":8},"minecraft:crafted":{"minecraft:wooden_sword":1,"jewelry:emerald_necklace":1,"minecraft:oak_planks":112,"minecraft:oak_sign":3,"ecologics:coconut_planks":4,"minecraft:furnace":3,"fwaystones:abyss_watcher":1,"minecraft:iron_boots":2,"fwaystones:waystone":1,"minecraft:stone_pickaxe":1,"minecraft:chest":9,"paladins:diamond_claymore":1,"minecraft:wheat":117,"minecraft:cooked_beef":8,"minecraft:deepslate":42,"minecraft:cooked_porkchop":24,"minecraft:crafting_table":8,"supplementaries:key":2,"minecraft:iron_helmet":1,"minecraft:iron_sword":2,"minecraft:birch_planks":72,"minecraft:bread":43,"minecraft:air":0,"jewelry:iron_ring":1,"minecraft:charcoal":1,"minecraft:iron_chestplate":1,"minecraft:diamond_pickaxe":1,"minecraft:gold_nugget":9,"minecraft:stick":72,"minecraft:iron_ingot":122,"minecraft:iron_pickaxe":2,"minecraft:stone_sword":1,"minecraft:iron_leggings":1,"minecraft:torch":72},"minecraft:picked_up":{"minecraft:allium":1,"minecraft:charcoal":8,"minecraft:crafting_table":5,"minecraft:wheat":115,"minecraft:clay_ball":1,"minecraft:diamond_sword":1,"graveyard:dark_iron_ingot":24,"minecraft:stone_slab":6,"ecologics:seashell":1,"graveyard:light_gray_urn":4,"minecraft:enchanted_book":27,"minecraft:brewing_stand":1,"minecraft:dragon_breath":3,"minecraft:iron_axe":1,"minecraft:string":24,"minecraft:red_bed":2,"minecraft:raw_copper":83,"graveyard:candle_holder":1,"minecraft:netherite_scrap":2,"minecraft:experience_bottle":12,"graveyard:soul_fire_brazier":4,"minecraft:oak_sign":2,"graveyard:corruption":53,"minecraft:deepslate_tiles":1,"minecraft:cobbled_deepslate":10,"minecraft:beef":8,"minecraft:white_tulip":1,"minecraft:sugar_cane":9,"minecraft:chest":1,"minecraft:birch_sapling":3,"minecraft:spruce_trapdoor":1,"minecraft:furnace":2,"minecraft:dark_oak_sapling":1,"minecraft:stick":16,"minecraft:raw_iron":106,"minecraft:polished_deepslate_slab":1,"minecraft:copper_ingot":18,"minecraft:big_dripleaf":2,"minecraft:polished_deepslate_stairs":4,"minecraft:torch":3,"minecraft:green_bed":1,"graveyard:skull_with_rib_cage":1,"minecraft:porkchop":30,"fwaystones:waystone":1,"minecraft:pointed_dripstone":6,"minecraft:redstone":15,"minecraft:deepslate_tile_stairs":2,"minecraft:black_dye":4,"minecraft:arrow":14,"minecraft:rotten_flesh":16,"villagersplus:occultist_table":1,"minecraft:peony":2,"minecraft:deepslate_bricks":1,"minecraft:hay_block":18,"ecologics:coconut_log":1,"spell_engine:spell_binding":1,"graveyard:gray_urn":1,"minecraft:cracked_deepslate_bricks":1,"minecraft:pink_tulip":3,"minecraft:gold_ingot":29,"minecraft:obsidian":1,"minecraft:mutton":1,"minecraft:iron_bars":5,"minecraft:cobblestone":201,"minecraft:white_wool":2,"minecraft:cracked_deepslate_tiles":1,"minecraft:birch_log":18,"minecraft:lilac":1,"minecraft:oxidized_copper":35,"minecraft:glow_ink_sac":8,"minecraft:water_bucket":2,"minecraft:andesite":40,"ecologics:coconut_planks":4,"minecraft:leather":3,"minecraft:birch_planks":2,"minecraft:flint":2,"graveyard:small_light_gray_urn":4,"minecraft:tuff":17,"minecraft:oak_log":9,"graveyard:dark_iron_door":3,"minecraft:wither_skeleton_skull":4,"minecraft:deepslate_tile_slab":2,"minecraft:dirt":66,"minecraft:blue_bed":2,"minecraft:name_tag":1,"jewelry:tanzanite":1,"minecraft:cooked_mutton":14,"minecraft:bone":80,"minecraft:raw_gold":60,"minecraft:bow":1,"minecraft:wheat_seeds":324,"minecraft:orange_tulip":1,"minecraft:cobbled_deepslate_slab":2,"minecraft:bell":1,"minecraft:iron_ingot":36,"minecraft:stone_pickaxe":1,"minecraft:cobweb":50,"minecraft:cyan_candle":4,"minecraft:rabbit":3,"minecraft:gray_bed":3,"minecraft:oak_planks":2,"minecraft:book":70,"minecraft:scaffolding":1,"minecraft:cooked_porkchop":3,"minecraft:pumpkin":1,"graveyard:bone_dagger":1,"minecraft:gravel":16,"minecraft:white_bed":1,"minecraft:grass_block":1,"minecraft:spider_eye":1,"minecraft:spruce_fence_gate":1,"minecraft:diamond":8,"minecraft:iron_helmet":1,"minecraft:spruce_sign":3,"minecraft:emerald":117,"minecraft:bread":71,"minecraft:melon_seeds":2,"minecraft:coal":62,"minecraft:ender_pearl":22}},"DataVersion":3465}