{"stats":{"minecraft:used":{"minecraft:birch_planks":9,"minecraft:stone_pickaxe":121,"minecraft:bread":5,"minecraft:rotten_flesh":1,"minecraft:wooden_sword":22,"minecraft:cobblestone":6,"minecraft:crafting_table":3},"minecraft:picked_up":{"minecraft:birch_log":7,"minecraft:raw_iron":22,"minecraft:crafting_table":2,"minecraft:lilac":1,"minecraft:andesite":39,"ecologics:seashell":1,"minecraft:stone_slab":1,"minecraft:green_bed":1,"minecraft:oak_log":1,"fwaystones:waystone":1,"minecraft:blue_bed":1,"minecraft:rotten_flesh":1,"ecologics:coconut_log":1,"minecraft:stone_pickaxe":1,"minecraft:coal":25,"minecraft:cobblestone":44},"minecraft:killed_by":{"minecraft:zombie":1},"minecraft:dropped":{"minecraft:stone_pickaxe":1},"minecraft:custom":{"minecraft:time_since_rest":16554,"minecraft:sprint_one_cm":45729,"minecraft:damage_taken":620,"minecraft:walk_one_cm":85313,"minecraft:mob_kills":2,"minecraft:drop":1,"minecraft:damage_dealt":859,"minecraft:talked_to_villager":35,"minecraft:swim_one_cm":2338,"minecraft:interact_with_crafting_table":4,"minecraft:fly_one_cm":80282,"minecraft:open_chest":6,"minecraft:crouch_one_cm":854,"minecraft:play_time":35229,"minecraft:interact_with_loom":1,"minecraft:deaths":1,"minecraft:sneak_time":96,"minecraft:walk_under_water_one_cm":58,"minecraft:jump":411,"minecraft:leave_game":1,"minecraft:time_since_death":16536,"minecraft:walk_on_water_one_cm":8061,"minecraft:total_world_time":35229,"minecraft:climb_one_cm":618,"minecraft:fall_one_cm":9403},"minecraft:killed":{"minecraft:skeleton":1},"minecraft:crafted":{"minecraft:wooden_sword":1,"minecraft:crafting_table":2,"ecologics:coconut_planks":4,"minecraft:stick":8,"minecraft:stone_pickaxe":1,"minecraft:stone_sword":1,"minecraft:furnace":1,"minecraft:birch_planks":28},"minecraft:mined":{"ecologics:seashell":1,"minecraft:birch_log":10,"minecraft:iron_ore":22,"minecraft:lilac":2,"minecraft:andesite":39,"minecraft:crafting_table":2,"minecraft:glow_lichen":1,"minecraft:grass":6,"minecraft:oak_log":1,"minecraft:coal_ore":26,"minecraft:stone_slab":1,"ecologics:coconut_log":2,"minecraft:stone":44,"minecraft:green_bed":1,"minecraft:blue_bed":1}},"DataVersion":3465}