{"stats":{"minecraft:custom":{"minecraft:interact_with_furnace":16,"minecraft:mob_kills":2,"minecraft:interact_with_crafting_table":21,"minecraft:interact_with_loom":1,"minecraft:leave_game":1,"minecraft:time_since_death":24479,"minecraft:sleep_in_bed":2,"minecraft:climb_one_cm":618,"minecraft:time_since_rest":4109,"minecraft:sprint_one_cm":51619,"minecraft:damage_taken":678,"minecraft:walk_one_cm":90458,"minecraft:drop":3,"minecraft:damage_dealt":859,"minecraft:talked_to_villager":35,"minecraft:swim_one_cm":2651,"minecraft:fly_one_cm":89364,"minecraft:open_chest":7,"minecraft:crouch_one_cm":1743,"minecraft:play_time":43172,"minecraft:deaths":1,"minecraft:sneak_time":1150,"minecraft:walk_under_water_one_cm":78,"minecraft:jump":467,"minecraft:walk_on_water_one_cm":8250,"minecraft:total_world_time":43172,"minecraft:fall_one_cm":10643},"minecraft:crafted":{"minecraft:wooden_sword":1,"minecraft:crafting_table":2,"ecologics:coconut_planks":4,"minecraft:iron_sword":1,"minecraft:furnace":1,"minecraft:birch_planks":28,"minecraft:air":0,"minecraft:iron_boots":1,"minecraft:iron_chestplate":1,"minecraft:stick":16,"minecraft:iron_ingot":16,"minecraft:iron_pickaxe":1,"minecraft:stone_pickaxe":1,"minecraft:stone_sword":1,"minecraft:iron_leggings":1},"minecraft:picked_up":{"minecraft:birch_log":7,"minecraft:crafting_table":2,"minecraft:lilac":1,"minecraft:andesite":39,"minecraft:stone_slab":1,"ecologics:seashell":1,"minecraft:oak_log":1,"minecraft:brewing_stand":1,"minecraft:blue_bed":2,"minecraft:dirt":9,"minecraft:iron_ingot":8,"minecraft:stone_pickaxe":1,"minecraft:book":15,"minecraft:raw_iron":22,"minecraft:green_bed":1,"minecraft:gravel":3,"fwaystones:waystone":1,"minecraft:rotten_flesh":1,"ecologics:coconut_log":1,"minecraft:coal":25,"minecraft:cobblestone":109},"minecraft:killed":{"minecraft:skeleton":1},"minecraft:mined":{"minecraft:brewing_stand":1,"minecraft:crafting_table":2,"minecraft:glow_lichen":1,"minecraft:grass_block":1,"minecraft:stone_slab":1,"ecologics:coconut_log":2,"minecraft:blue_bed":2,"ecologics:seashell":1,"minecraft:birch_log":10,"minecraft:iron_ore":22,"minecraft:lilac":2,"minecraft:andesite":39,"minecraft:grass":6,"minecraft:bookshelf":5,"minecraft:coal_ore":26,"minecraft:oak_log":1,"minecraft:gravel":3,"minecraft:dirt":8,"minecraft:stone":117,"minecraft:green_bed":1},"minecraft:killed_by":{"minecraft:zombie":1},"minecraft:used":{"minecraft:birch_planks":9,"minecraft:stone_pickaxe":131,"minecraft:blue_bed":1,"minecraft:rotten_flesh":1,"minecraft:dirt":2,"minecraft:crafting_table":3,"minecraft:bread":6,"minecraft:iron_boots":1,"minecraft:wooden_sword":22,"minecraft:cobblestone":6,"minecraft:furnace":1,"minecraft:iron_leggings":1},"minecraft:broken":{"minecraft:stone_pickaxe":1},"minecraft:dropped":{"minecraft:stone_sword":1,"minecraft:green_bed":1,"minecraft:stone_pickaxe":1}},"DataVersion":3465}