{"stats":{"minecraft:mined":{"minecraft:grass":1,"minecraft:birch_log":2},"minecraft:used":{"minecraft:dirt":7,"minecraft:bread":6},"minecraft:custom":{"minecraft:time_since_rest":337,"minecraft:crouch_one_cm":326,"minecraft:sprint_one_cm":64621,"minecraft:play_time":37062,"minecraft:deaths":5,"minecraft:damage_taken":1940,"minecraft:walk_one_cm":154416,"minecraft:sneak_time":175,"minecraft:walk_under_water_one_cm":1836,"minecraft:drop":2,"minecraft:jump":675,"minecraft:damage_dealt":110,"minecraft:leave_game":4,"minecraft:walk_on_water_one_cm":12499,"minecraft:time_since_death":281,"minecraft:climb_one_cm":3673,"minecraft:total_world_time":37062,"minecraft:swim_one_cm":9891,"minecraft:fall_one_cm":21090,"minecraft:fly_one_cm":45553},"minecraft:killed_by":{"minecraft:skeleton":1,"minecraft:zombie":3,"minecraft:enderman":1},"minecraft:dropped":{"minecraft:bread":1,"minecraft:dark_oak_log":1},"minecraft:crafted":{"minecraft:birch_wood":3,"minecraft:birch_planks":12},"minecraft:picked_up":{"minecraft:birch_log":7,"minecraft:dark_oak_button":2,"minecraft:allium":1,"minecraft:light_gray_terracotta":1,"minecraft:clay_ball":1,"minecraft:wheat_seeds":1,"minecraft:bread":11,"minecraft:dark_oak_log":1,"minecraft:birch_sapling":4,"minecraft:dirt":7,"minecraft:cobblestone":1}},"DataVersion":3465}