{"stats":{"minecraft:picked_up":{"minecraft:wheat_seeds":1},"minecraft:custom":{"minecraft:jump":141,"minecraft:time_since_rest":681,"minecraft:walk_on_water_one_cm":3270,"minecraft:damage_dealt":12,"minecraft:crouch_one_cm":323,"minecraft:leave_game":1,"minecraft:play_time":12503,"minecraft:sprint_one_cm":24398,"minecraft:damage_taken":580,"minecraft:time_since_death":0,"minecraft:walk_one_cm":39050,"minecraft:sneak_time":42,"minecraft:total_world_time":12503,"minecraft:walk_under_water_one_cm":710,"minecraft:swim_one_cm":6057,"minecraft:fall_one_cm":2887,"minecraft:fly_one_cm":21517,"minecraft:deaths":2},"minecraft:mined":{"minecraft:birch_log":2,"minecraft:grass":1},"minecraft:killed_by":{"minecraft:zombie":2}},"DataVersion":3465}