{"stats":{"minecraft:mined":{"minecraft:birch_log":2,"minecraft:grass":1},"minecraft:picked_up":{"minecraft:wheat_seeds":1},"minecraft:killed_by":{"minecraft:zombie":2},"minecraft:custom":{"minecraft:jump":180,"minecraft:time_since_rest":2710,"minecraft:damage_taken":600,"minecraft:leave_game":2,"minecraft:crouch_one_cm":323,"minecraft:time_since_death":874,"minecraft:play_time":14532,"minecraft:sprint_one_cm":27820,"minecraft:walk_one_cm":43358,"minecraft:walk_on_water_one_cm":5068,"minecraft:deaths":2,"minecraft:sneak_time":42,"minecraft:total_world_time":14532,"minecraft:walk_under_water_one_cm":710,"minecraft:swim_one_cm":6057,"minecraft:fall_one_cm":4263,"minecraft:fly_one_cm":25474,"minecraft:damage_dealt":12}},"DataVersion":3465}