{
  "minecraft:recipes/decorations/crafting_table": {
    "criteria": {
      "unlock_right_away": "2024-06-09 12:52:20 +0000"
    },
    "done": true
  },
  "dungeons_arise:wda_root": {
    "criteria": {
      "WDA": "2024-06-09 12:52:20 +0000"
    },
    "done": true
  },
  "betterdungeons:root": {
    "criteria": {
      "always": "2024-06-09 12:52:20 +0000"
    },
    "done": true
  },
  "rpg_classes:root": {
    "criteria": {
      "always": "2024-06-09 12:52:20 +0000"
    },
    "done": true
  },
  "betterdeserttemples:root": {
    "criteria": {
      "always": "2024-06-09 12:52:20 +0000"
    },
    "done": true
  },
  "minecraft:adventure/adventuring_time": {
    "criteria": {
      "minecraft:birch_forest": "2024-06-09 12:52:22 +0000",
      "minecraft:beach": "2024-06-09 12:53:19 +0000",
      "minecraft:river": "2024-06-10 02:58:01 +0000",
      "minecraft:lush_caves": "2024-06-10 03:28:36 +0000",
      "minecraft:old_growth_birch_forest": "2024-06-10 02:58:02 +0000"
    },
    "done": false
  },
  "naturalist:recipes/food/cooked_egg": {
    "criteria": {
      "has_eggs": "2024-06-09 13:35:11 +0000"
    },
    "done": true
  },
  "farmersdelight:main/root": {
    "criteria": {
      "seeds": "2024-06-09 13:35:11 +0000"
    },
    "done": true
  },
  "minecraft:recipes/building_blocks/raw_iron_block": {
    "criteria": {
      "has_raw_iron": "2024-06-10 03:42:04 +0000"
    },
    "done": true
  },
  "supplementaries:recipes/sconce": {
    "criteria": {
      "has_torch": "2024-06-10 03:40:42 +0000"
    },
    "done": true
  },
  "minecraft:recipes/misc/iron_ingot_from_smelting_raw_iron": {
    "criteria": {
      "has_raw_iron": "2024-06-10 03:42:04 +0000"
    },
    "done": true
  },
  "minecraft:recipes/misc/iron_ingot_from_blasting_raw_iron": {
    "criteria": {
      "has_raw_iron": "2024-06-10 03:42:04 +0000"
    },
    "done": true
  },
  "DataVersion": 3465
}