{
  "minecraft:recipes/decorations/crafting_table": {
    "criteria": {
      "unlock_right_away": "2024-06-10 02:06:31 +0000"
    },
    "done": true
  },
  "dungeons_arise:wda_root": {
    "criteria": {
      "WDA": "2024-06-10 02:06:31 +0000"
    },
    "done": true
  },
  "betterdungeons:root": {
    "criteria": {
      "always": "2024-06-10 02:06:31 +0000"
    },
    "done": true
  },
  "rpg_classes:root": {
    "criteria": {
      "always": "2024-06-10 02:06:31 +0000"
    },
    "done": true
  },
  "betterdeserttemples:root": {
    "criteria": {
      "always": "2024-06-10 02:06:31 +0000"
    },
    "done": true
  },
  "minecraft:adventure/adventuring_time": {
    "criteria": {
      "minecraft:birch_forest": "2024-06-10 02:06:32 +0000",
      "minecraft:beach": "2024-06-10 02:36:52 +0000",
      "minecraft:river": "2024-06-10 03:07:04 +0000",
      "minecraft:old_growth_birch_forest": "2024-06-10 03:07:06 +0000"
    },
    "done": false
  },
  "naturalist:recipes/food/cooked_egg": {
    "criteria": {
      "has_eggs": "2024-06-10 03:07:00 +0000"
    },
    "done": true
  },
  "farmersdelight:main/root": {
    "criteria": {
      "seeds": "2024-06-10 03:07:00 +0000"
    },
    "done": true
  },
  "ecologics:recipes/ecologics/azalea_boat": {
    "criteria": {
      "in_water": "2024-06-10 03:07:04 +0000"
    },
    "done": true
  },
  "minecraft:recipes/transportation/cherry_boat": {
    "criteria": {
      "in_water": "2024-06-10 03:07:04 +0000"
    },
    "done": true
  },
  "minecraft:recipes/transportation/bamboo_raft": {
    "criteria": {
      "in_water": "2024-06-10 03:07:04 +0000"
    },
    "done": true
  },
  "ecologics:recipes/ecologics/walnut_boat": {
    "criteria": {
      "in_water": "2024-06-10 03:07:04 +0000"
    },
    "done": true
  },
  "minecraft:recipes/transportation/acacia_boat": {
    "criteria": {
      "in_water": "2024-06-10 03:07:04 +0000"
    },
    "done": true
  },
  "minecraft:recipes/transportation/jungle_boat": {
    "criteria": {
      "in_water": "2024-06-10 03:07:04 +0000"
    },
    "done": true
  },
  "minecraft:recipes/transportation/spruce_boat": {
    "criteria": {
      "in_water": "2024-06-10 03:07:04 +0000"
    },
    "done": true
  },
  "minecraft:recipes/transportation/birch_boat": {
    "criteria": {
      "in_water": "2024-06-10 03:07:04 +0000"
    },
    "done": true
  },
  "minecraft:recipes/transportation/oak_boat": {
    "criteria": {
      "in_water": "2024-06-10 03:07:04 +0000"
    },
    "done": true
  },
  "minecraft:recipes/transportation/mangrove_boat": {
    "criteria": {
      "in_water": "2024-06-10 03:07:04 +0000"
    },
    "done": true
  },
  "ecologics:recipes/ecologics/coconut_boat": {
    "criteria": {
      "in_water": "2024-06-10 03:07:04 +0000"
    },
    "done": true
  },
  "ecologics:recipes/ecologics/flowering_azalea_boat": {
    "criteria": {
      "in_water": "2024-06-10 03:07:04 +0000"
    },
    "done": true
  },
  "minecraft:recipes/transportation/dark_oak_boat": {
    "criteria": {
      "in_water": "2024-06-10 03:07:04 +0000"
    },
    "done": true
  },
  "minecraft:adventure/root": {
    "criteria": {
      "killed_by_something": "2024-06-10 03:08:25 +0000"
    },
    "done": true
  },
  "DataVersion": 3465
}