{
  "minecraft:recipes/decorations/crafting_table": {
    "criteria": {
      "unlock_right_away": "2024-06-10 02:06:31 +0000"
    },
    "done": true
  },
  "dungeons_arise:wda_root": {
    "criteria": {
      "WDA": "2024-06-10 02:06:31 +0000"
    },
    "done": true
  },
  "betterdungeons:root": {
    "criteria": {
      "always": "2024-06-10 02:06:31 +0000"
    },
    "done": true
  },
  "rpg_classes:root": {
    "criteria": {
      "always": "2024-06-10 02:06:31 +0000"
    },
    "done": true
  },
  "betterdeserttemples:root": {
    "criteria": {
      "always": "2024-06-10 02:06:31 +0000"
    },
    "done": true
  },
  "minecraft:adventure/adventuring_time": {
    "criteria": {
      "minecraft:birch_forest": "2024-06-10 02:06:32 +0000",
      "minecraft:beach": "2024-06-10 02:36:52 +0000",
      "minecraft:river": "2024-06-10 03:07:04 +0000",
      "minecraft:lush_caves": "2024-06-10 04:36:29 +0000",
      "minecraft:old_growth_birch_forest": "2024-06-10 03:07:06 +0000"
    },
    "done": false
  },
  "naturalist:recipes/food/cooked_egg": {
    "criteria": {
      "has_eggs": "2024-06-10 03:07:00 +0000"
    },
    "done": true
  },
  "farmersdelight:main/root": {
    "criteria": {
      "seeds": "2024-06-10 03:07:00 +0000"
    },
    "done": true
  },
  "ecologics:recipes/ecologics/azalea_boat": {
    "criteria": {
      "in_water": "2024-06-10 03:07:04 +0000"
    },
    "done": true
  },
  "minecraft:recipes/transportation/cherry_boat": {
    "criteria": {
      "in_water": "2024-06-10 03:07:04 +0000"
    },
    "done": true
  },
  "minecraft:recipes/transportation/bamboo_raft": {
    "criteria": {
      "in_water": "2024-06-10 03:07:04 +0000"
    },
    "done": true
  },
  "ecologics:recipes/ecologics/walnut_boat": {
    "criteria": {
      "in_water": "2024-06-10 03:07:04 +0000"
    },
    "done": true
  },
  "minecraft:recipes/transportation/acacia_boat": {
    "criteria": {
      "in_water": "2024-06-10 03:07:04 +0000"
    },
    "done": true
  },
  "minecraft:recipes/transportation/jungle_boat": {
    "criteria": {
      "in_water": "2024-06-10 03:07:04 +0000"
    },
    "done": true
  },
  "minecraft:recipes/transportation/spruce_boat": {
    "criteria": {
      "in_water": "2024-06-10 03:07:04 +0000"
    },
    "done": true
  },
  "minecraft:recipes/transportation/birch_boat": {
    "criteria": {
      "in_water": "2024-06-10 03:07:04 +0000"
    },
    "done": true
  },
  "minecraft:recipes/transportation/oak_boat": {
    "criteria": {
      "in_water": "2024-06-10 03:07:04 +0000"
    },
    "done": true
  },
  "minecraft:recipes/transportation/mangrove_boat": {
    "criteria": {
      "in_water": "2024-06-10 03:07:04 +0000"
    },
    "done": true
  },
  "ecologics:recipes/ecologics/coconut_boat": {
    "criteria": {
      "in_water": "2024-06-10 03:07:04 +0000"
    },
    "done": true
  },
  "ecologics:recipes/ecologics/flowering_azalea_boat": {
    "criteria": {
      "in_water": "2024-06-10 03:07:04 +0000"
    },
    "done": true
  },
  "minecraft:recipes/transportation/dark_oak_boat": {
    "criteria": {
      "in_water": "2024-06-10 03:07:04 +0000"
    },
    "done": true
  },
  "minecraft:adventure/root": {
    "criteria": {
      "killed_by_something": "2024-06-10 03:08:25 +0000"
    },
    "done": true
  },
  "minecraft:recipes/redstone/lever": {
    "criteria": {
      "has_cobblestone": "2024-06-10 04:46:07 +0000"
    },
    "done": true
  },
  "minecraft:recipes/decorations/light_gray_glazed_terracotta": {
    "criteria": {
      "has_light_gray_terracotta": "2024-06-10 04:46:01 +0000"
    },
    "done": true
  },
  "minecraft:recipes/redstone/birch_button": {
    "criteria": {
      "has_planks": "2024-06-10 04:49:20 +0000"
    },
    "done": true
  },
  "minecraft:recipes/combat/stone_sword": {
    "criteria": {
      "has_cobblestone": "2024-06-10 04:46:07 +0000"
    },
    "done": true
  },
  "minecraft:recipes/decorations/cobblestone_wall": {
    "criteria": {
      "has_cobblestone": "2024-06-10 04:46:07 +0000"
    },
    "done": true
  },
  "minecraft:recipes/tools/stone_axe": {
    "criteria": {
      "has_cobblestone": "2024-06-10 04:46:07 +0000"
    },
    "done": true
  },
  "supplementaries:recipes/flower_box": {
    "criteria": {
      "has_dirt": "2024-06-10 04:45:11 +0000"
    },
    "done": true
  },
  "minecraft:story/mine_stone": {
    "criteria": {
      "get_stone": "2024-06-10 04:46:07 +0000"
    },
    "done": true
  },
  "minecraft:recipes/decorations/furnace": {
    "criteria": {
      "has_cobblestone": "2024-06-10 04:46:07 +0000"
    },
    "done": true
  },
  "minecraft:recipes/redstone/birch_door": {
    "criteria": {
      "has_planks": "2024-06-10 04:49:20 +0000"
    },
    "done": true
  },
  "supplementaries:recipes/lock_block": {
    "criteria": {
      "minecraft:planks": "2024-06-10 04:49:20 +0000"
    },
    "done": true
  },
  "minecraft:recipes/decorations/birch_fence": {
    "criteria": {
      "has_planks": "2024-06-10 04:49:20 +0000"
    },
    "done": true
  },
  "bclib:recipes/decorations/tag_smith_table": {
    "criteria": {
      "has_tag_minecraft_planks": "2024-06-10 04:49:20 +0000"
    },
    "done": true
  },
  "supplementaries:recipes/sign_post_birch": {
    "criteria": {
      "has_the_recipe": "2024-06-10 04:49:20 +0000"
    },
    "done": true
  },
  "supplementaries:recipes/bed_from_feather_block": {
    "criteria": {
      "minecraft:planks": "2024-06-10 04:49:20 +0000"
    },
    "done": true
  },
  "minecraft:recipes/decorations/chest": {
    "criteria": {
      "has_lots_of_items": "2024-06-10 04:49:14 +0000"
    },
    "done": true
  },
  "minecraft:recipes/misc/stick": {
    "criteria": {
      "has_planks": "2024-06-10 04:49:20 +0000"
    },
    "done": true
  },
  "supplementaries:recipes/checker": {
    "criteria": {
      "has_cobblestone": "2024-06-10 04:46:07 +0000"
    },
    "done": true
  },
  "minecraft:recipes/building_blocks/cobblestone_slab_from_cobblestone_stonecutting": {
    "criteria": {
      "has_cobblestone": "2024-06-10 04:46:07 +0000"
    },
    "done": true
  },
  "minecraft:recipes/decorations/birch_sign": {
    "criteria": {
      "has_planks": "2024-06-10 04:49:20 +0000"
    },
    "done": true
  },
  "minecraft:recipes/building_blocks/birch_wood": {
    "criteria": {
      "has_log": "2024-06-10 04:48:15 +0000"
    },
    "done": true
  },
  "minecraft:recipes/building_blocks/clay": {
    "criteria": {
      "has_clay_ball": "2024-06-10 04:48:57 +0000"
    },
    "done": true
  },
  "minecraft:recipes/redstone/birch_fence_gate": {
    "criteria": {
      "has_planks": "2024-06-10 04:49:20 +0000"
    },
    "done": true
  },
  "minecraft:recipes/building_blocks/stone": {
    "criteria": {
      "has_cobblestone": "2024-06-10 04:46:07 +0000"
    },
    "done": true
  },
  "supplementaries:recipes/speaker_block": {
    "criteria": {
      "minecraft:planks": "2024-06-10 04:49:20 +0000"
    },
    "done": true
  },
  "minecraft:recipes/building_blocks/birch_slab": {
    "criteria": {
      "has_planks": "2024-06-10 04:49:20 +0000"
    },
    "done": true
  },
  "bclib:recipes/combat/tag_shield": {
    "criteria": {
      "has_tag_minecraft_planks": "2024-06-10 04:49:20 +0000"
    },
    "done": true
  },
  "minecraft:husbandry/root": {
    "criteria": {
      "consumed_item": "2024-06-10 04:43:15 +0000"
    },
    "done": true
  },
  "supplementaries:recipes/decorations/sign_post_birch": {
    "criteria": {
      "has_planks": "2024-06-10 04:49:20 +0000"
    },
    "done": true
  },
  "minecraft:recipes/misc/magenta_dye_from_allium": {
    "criteria": {
      "has_allium": "2024-06-10 04:47:55 +0000"
    },
    "done": true
  },
  "minecraft:recipes/building_blocks/birch_stairs": {
    "criteria": {
      "has_planks": "2024-06-10 04:49:20 +0000"
    },
    "done": true
  },
  "minecraft:recipes/building_blocks/dark_oak_planks": {
    "criteria": {
      "has_log": "2024-06-10 04:48:46 +0000"
    },
    "done": true
  },
  "supplementaries:recipes/notice_board": {
    "criteria": {
      "minecraft:planks": "2024-06-10 04:49:20 +0000"
    },
    "done": true
  },
  "minecraft:recipes/building_blocks/birch_planks": {
    "criteria": {
      "has_logs": "2024-06-10 04:48:15 +0000"
    },
    "done": true
  },
  "ecologics:recipes/ecologics/pot": {
    "criteria": {
      "has_terracotta": "2024-06-10 04:46:01 +0000"
    },
    "done": true
  },
  "minecraft:recipes/tools/stone_pickaxe": {
    "criteria": {
      "has_cobblestone": "2024-06-10 04:46:07 +0000"
    },
    "done": true
  },
  "minecraft:recipes/misc/charcoal": {
    "criteria": {
      "has_log": "2024-06-10 04:48:15 +0000"
    },
    "done": true
  },
  "minecraft:recipes/building_blocks/dark_oak_wood": {
    "criteria": {
      "has_log": "2024-06-10 04:48:46 +0000"
    },
    "done": true
  },
  "minecraft:recipes/redstone/birch_trapdoor": {
    "criteria": {
      "has_planks": "2024-06-10 04:49:20 +0000"
    },
    "done": true
  },
  "supplementaries:recipes/turn_table": {
    "criteria": {
      "has_cobblestone": "2024-06-10 04:46:07 +0000"
    },
    "done": true
  },
  "minecraft:recipes/building_blocks/cobblestone_slab": {
    "criteria": {
      "has_cobblestone": "2024-06-10 04:46:07 +0000"
    },
    "done": true
  },
  "minecraft:recipes/misc/brick": {
    "criteria": {
      "has_clay_ball": "2024-06-10 04:48:57 +0000"
    },
    "done": true
  },
  "supplementaries:recipes/clock_block": {
    "criteria": {
      "minecraft:planks": "2024-06-10 04:49:20 +0000"
    },
    "done": true
  },
  "minecraft:recipes/decorations/barrel": {
    "criteria": {
      "has_planks": "2024-06-10 04:49:20 +0000"
    },
    "done": true
  },
  "minecraft:recipes/decorations/cobblestone_wall_from_cobblestone_stonecutting": {
    "criteria": {
      "has_cobblestone": "2024-06-10 04:46:07 +0000"
    },
    "done": true
  },
  "supplementaries:recipes/pulley": {
    "criteria": {
      "minecraft:planks": "2024-06-10 04:49:20 +0000"
    },
    "done": true
  },
  "minecraft:recipes/building_blocks/cobblestone_stairs_from_cobblestone_stonecutting": {
    "criteria": {
      "has_cobblestone": "2024-06-10 04:46:07 +0000"
    },
    "done": true
  },
  "minecraft:recipes/redstone/birch_pressure_plate": {
    "criteria": {
      "has_planks": "2024-06-10 04:49:20 +0000"
    },
    "done": true
  },
  "minecraft:husbandry/balanced_diet": {
    "criteria": {
      "bread": "2024-06-10 04:43:15 +0000"
    },
    "done": false
  },
  "minecraft:recipes/building_blocks/cobblestone_stairs": {
    "criteria": {
      "has_cobblestone": "2024-06-10 04:46:07 +0000"
    },
    "done": true
  },
  "supplementaries:recipes/daub": {
    "criteria": {
      "has_clay_ball": "2024-06-10 04:48:57 +0000"
    },
    "done": true
  },
  "minecraft:recipes/tools/stone_hoe": {
    "criteria": {
      "has_cobblestone": "2024-06-10 04:46:07 +0000"
    },
    "done": true
  },
  "bclib:recipes/redstone/tag_piston": {
    "criteria": {
      "has_cobblestone": "2024-06-10 04:46:07 +0000"
    },
    "done": true
  },
  "minecraft:recipes/tools/stone_shovel": {
    "criteria": {
      "has_cobblestone": "2024-06-10 04:46:07 +0000"
    },
    "done": true
  },
  "DataVersion": 3465
}